ticker,date,open,high,low,close,volume
ORCL,2020-01-01,55,56.32,54.68,56.3,11096697
ORCL,2020-01-02,56.3,56.57,56.11,56.47,12601558
ORCL,2020-01-03,56.47,56.66,55.35,55.64,8343268
ORCL,2020-01-06,55.64,56.43,55.26,56.23,8967574
ORCL,2020-01-07,56.23,56.81,55.99,56.55,13094207
ORCL,2020-01-08,56.55,56.86,56.46,56.53,13090738
ORCL,2020-01-09,56.53,58.67,56.02,58.62,11568740
ORCL,2020-01-10,58.62,58.89,57.91,58.21,9304582
ORCL,2020-01-13,58.21,60.24,57.83,60.08,9340369
ORCL,2020-01-14,60.08,60.47,60.06,60.13,9644713
ORCL,2020-01-15,60.13,61.77,60.01,61.55,9005698
ORCL,2020-01-16,61.55,62.19,61.05,62.08,10893758
ORCL,2020-01-17,62.08,63.34,61.99,62.95,11535235
ORCL,2020-01-20,62.95,63.21,62.57,62.76,6791091
ORCL,2020-01-21,62.76,62.97,62.34,62.52,13535968
ORCL,2020-01-22,62.52,62.99,62.3,62.98,13706026
ORCL,2020-01-23,62.98,64.05,62.47,63.43,12205411
ORCL,2020-01-24,63.43,64.25,63.25,64.16,12466374
ORCL,2020-01-27,64.16,64.38,63.41,63.81,5312363
ORCL,2020-01-28,63.81,64.72,63.68,64.68,9758566
ORCL,2020-01-29,64.68,65.02,64.26,64.47,16330837
ORCL,2020-01-30,64.47,64.48,62.1,62.39,13516736
ORCL,2020-01-31,62.39,62.54,61.74,62.26,14011410
ORCL,2020-02-03,62.26,62.52,61.88,62.06,8559704
ORCL,2020-02-04,62.06,63.5,61.91,63.15,7177422
ORCL,2020-02-05,63.15,63.32,62.06,62.58,8909618
ORCL,2020-02-06,62.58,62.65,61.71,61.95,9133465
ORCL,2020-02-07,61.95,62.74,61.14,61.79,11160230
ORCL,2020-02-10,61.79,61.83,59.9,60.47,7075688
ORCL,2020-02-11,60.47,60.6,60.4,60.41,9015875
ORCL,2020-02-12,60.41,60.71,59.1,59.37,14964871
ORCL,2020-02-13,59.37,59.56,58.66,58.76,13205415
ORCL,2020-02-14,58.76,60.19,58.65,60.16,9346441
ORCL,2020-02-17,60.16,60.22,59.32,59.34,8940294
ORCL,2020-02-18,59.34,59.41,59.2,59.24,11313494
ORCL,2020-02-19,59.24,61.61,59.11,61.3,13928901
ORCL,2020-02-20,61.3,61.35,60.58,61.27,9906267
ORCL,2020-02-21,61.27,61.91,61.11,61.76,5361037
ORCL,2020-02-24,61.76,62.54,61.42,62.36,7654287
ORCL,2020-02-25,62.36,62.62,61.59,61.81,16475572
ORCL,2020-02-26,61.81,62.36,61.71,62.02,10968466
ORCL,2020-02-27,62.02,62.51,61.45,62.22,9541640
ORCL,2020-02-28,62.22,62.79,61.82,62.68,14497176
ORCL,2020-03-02,62.68,63.03,62.38,62.74,8267501
ORCL,2020-03-03,62.74,63.24,62.31,62.33,7889391
ORCL,2020-03-04,62.33,62.61,61.74,62.38,8623480
ORCL,2020-03-05,62.38,64.17,62.24,63.97,10304102
ORCL,2020-03-06,63.97,64.64,63.6,64.58,9307731
ORCL,2020-03-09,64.58,64.75,63.88,63.93,4418678
ORCL,2020-03-10,63.93,64.0,63.33,63.34,13189739
ORCL,2020-03-11,63.34,63.57,62.98,63.19,5525500
ORCL,2020-03-12,63.19,64.99,62.98,64.43,15907688
ORCL,2020-03-13,64.43,65.48,64.31,65.13,8406790
ORCL,2020-03-16,65.13,65.41,64.22,64.25,10659214
ORCL,2020-03-17,64.25,64.44,64.13,64.14,11045860
ORCL,2020-03-18,64.14,64.38,63.25,63.69,12386171
ORCL,2020-03-19,63.69,65.96,63.11,65.52,14884497
ORCL,2020-03-20,65.52,65.52,64.81,65.16,10305896
ORCL,2020-03-23,65.16,66.61,64.98,66.39,10780926
ORCL,2020-03-24,66.39,67.85,66.24,67.25,11142278
ORCL,2020-03-25,67.25,67.87,66.94,67.59,15750229
ORCL,2020-03-26,67.59,67.99,66.72,66.76,10468782
ORCL,2020-03-27,66.76,66.98,66.47,66.56,10012621
ORCL,2020-03-30,66.56,67.07,66.39,66.6,11223046
ORCL,2020-03-31,66.6,67.16,66.15,66.77,15555008
ORCL,2020-04-01,66.77,68.66,66.69,68.52,6196311
ORCL,2020-04-02,68.52,69.41,67.55,67.7,9091068
ORCL,2020-04-03,67.7,67.87,67.18,67.36,8961005
ORCL,2020-04-06,67.36,69.02,67.03,67.89,13817102
ORCL,2020-04-07,67.89,69.14,67.6,68.87,11918069
ORCL,2020-04-08,68.87,71.11,68.43,70.59,11625895
ORCL,2020-04-09,70.59,70.85,69.35,69.42,11504156
ORCL,2020-04-10,69.42,69.82,68.14,68.44,8827429
ORCL,2020-04-13,68.44,68.79,68.0,68.23,15923670
ORCL,2020-04-14,68.23,68.7,66.98,67.14,7813292
ORCL,2020-04-15,67.14,67.91,66.52,67.62,5497068
ORCL,2020-04-16,67.62,68.34,67.58,67.83,7556273
ORCL,2020-04-17,67.83,69.2,67.4,69.16,14422554
ORCL,2020-04-20,69.16,69.69,67.49,67.49,5646676
ORCL,2020-04-21,67.49,68.21,67.39,68.13,10862487
ORCL,2020-04-22,68.13,68.94,68.07,68.66,14086011
ORCL,2020-04-23,68.66,69.14,68.12,69.03,7675173
ORCL,2020-04-24,69.03,69.17,68.14,68.18,11420791
ORCL,2020-04-27,68.18,68.47,67.91,67.93,12353209
ORCL,2020-04-28,67.93,68.02,65.27,65.88,13615293
ORCL,2020-04-29,65.88,65.97,63.26,63.37,9487155
ORCL,2020-04-30,63.37,63.89,62.93,63.04,12105882
ORCL,2020-05-01,63.04,63.38,62.93,63.21,8562399
ORCL,2020-05-04,63.21,64.27,62.51,62.64,14103362
ORCL,2020-05-05,62.64,62.84,61.85,61.97,10705798
ORCL,2020-05-06,61.97,63.63,61.95,63.26,8323274
ORCL,2020-05-07,63.26,64.28,62.98,63.93,8941046
ORCL,2020-05-08,63.93,64.07,61.51,61.6,7992702
ORCL,2020-05-11,61.6,61.84,60.2,60.53,11232801
ORCL,2020-05-12,60.53,61.66,59.75,61.43,11726413
ORCL,2020-05-13,61.43,61.45,59.33,59.59,10071189
ORCL,2020-05-14,59.59,60.05,59.46,59.67,10828728
ORCL,2020-05-15,59.67,59.88,58.96,59.29,12602696
ORCL,2020-05-18,59.29,60.15,59.18,59.95,10888729
ORCL,2020-05-19,59.95,60.21,58.92,59.31,8684010
ORCL,2020-05-20,59.31,59.72,59.0,59.63,7298030
ORCL,2020-05-21,59.63,61.06,59.48,60.38,10855007
ORCL,2020-05-22,60.38,61.3,60.33,61.23,9131368
ORCL,2020-05-25,61.23,62.5,61.09,62.34,11069513
ORCL,2020-05-26,62.34,63.3,62.34,63.04,9870149
ORCL,2020-05-27,63.04,63.79,62.27,63.62,9678995
ORCL,2020-05-28,63.62,64.36,63.21,64.34,12710037
ORCL,2020-05-29,64.34,66.06,63.83,65.96,11239945
ORCL,2020-06-01,65.96,66.1,64.21,64.66,9585115
ORCL,2020-06-02,64.66,64.89,63.69,64.1,12232063
ORCL,2020-06-03,64.1,64.52,63.37,63.81,7395140
ORCL,2020-06-04,63.81,63.88,63.12,63.86,10933759
ORCL,2020-06-05,63.86,64.04,62.58,62.73,7971001
ORCL,2020-06-08,62.73,62.89,61.67,61.7,13596929
ORCL,2020-06-09,61.7,62.05,60.95,61.22,8642483
ORCL,2020-06-10,61.22,61.59,60.05,60.36,11619075
ORCL,2020-06-11,60.36,60.41,59.75,59.96,14145368
ORCL,2020-06-12,59.96,60.39,59.51,59.66,13186101
ORCL,2020-06-15,59.66,60.17,58.6,58.64,9650531
ORCL,2020-06-16,58.64,58.84,58.52,58.78,16343526
ORCL,2020-06-17,58.78,59.02,58.51,58.9,12557843
ORCL,2020-06-18,58.9,59.7,58.83,59.59,10219923
ORCL,2020-06-19,59.59,60.16,58.82,59.08,9055190
ORCL,2020-06-22,59.08,59.34,58.15,58.29,10601175
ORCL,2020-06-23,58.29,58.3,57.63,57.71,10301579
ORCL,2020-06-24,57.71,57.99,56.49,56.58,6008441
ORCL,2020-06-25,56.58,56.7,56.17,56.34,12271331
ORCL,2020-06-26,56.34,57.08,55.84,55.87,6387369
ORCL,2020-06-29,55.87,57.59,55.85,57.25,12835280
ORCL,2020-06-30,57.25,57.4,56.27,56.97,10526113
ORCL,2020-07-01,56.97,57.57,56.6,57.2,10275515
ORCL,2020-07-02,57.2,58.64,56.95,58.51,3580271
ORCL,2020-07-03,58.51,58.73,58.13,58.13,9546027
ORCL,2020-07-06,58.13,58.29,57.34,57.61,8694821
ORCL,2020-07-07,57.61,59.75,57.51,59.56,7448551
ORCL,2020-07-08,59.56,60.84,59.46,60.72,15372240
ORCL,2020-07-09,60.72,61.07,60.5,60.61,10480289
ORCL,2020-07-10,60.61,60.67,58.31,58.77,11129670
ORCL,2020-07-13,58.77,59.65,58.37,59.52,4486343
ORCL,2020-07-14,59.52,59.88,58.93,59.05,11050618
ORCL,2020-07-15,59.05,59.19,58.43,58.89,12269098
ORCL,2020-07-16,58.89,59.18,58.59,58.73,9294363
ORCL,2020-07-17,58.73,58.82,57.66,57.9,12033015
ORCL,2020-07-20,57.9,58.16,57.68,58.12,9271725
ORCL,2020-07-21,58.12,59.4,58.08,58.9,10203383
ORCL,2020-07-22,58.9,59.08,58.48,59.07,6280671
ORCL,2020-07-23,59.07,59.16,57.92,58.21,10370796
ORCL,2020-07-24,58.21,59.61,58.06,59.14,12751150
ORCL,2020-07-27,59.14,60.46,59.13,60.07,15138939
ORCL,2020-07-28,60.07,60.16,59.01,59.22,4773842
ORCL,2020-07-29,59.22,59.33,58.8,59.27,14831025
ORCL,2020-07-30,59.27,60.27,59.25,60.2,6511393
ORCL,2020-07-31,60.2,61.02,59.65,59.75,7588715
ORCL,2020-08-03,59.75,59.76,59.72,59.74,9836262
ORCL,2020-08-04,59.74,60.87,59.71,60.6,10076601
ORCL,2020-08-05,60.6,61.29,59.44,59.79,6413199
ORCL,2020-08-06,59.79,60.15,59.38,59.45,13127717
ORCL,2020-08-07,59.45,60.26,59.12,59.99,3488123
ORCL,2020-08-10,59.99,60.08,59.32,59.43,16054832
ORCL,2020-08-11,59.43,59.57,58.51,58.69,13198855
ORCL,2020-08-12,58.69,58.94,57.51,57.61,8952393
ORCL,2020-08-13,57.61,58.02,57.48,57.92,7419817
ORCL,2020-08-14,57.92,58.1,57.0,57.02,12807222
ORCL,2020-08-17,57.02,57.32,55.58,56.1,9345190
ORCL,2020-08-18,56.1,56.73,55.91,56.59,6032884
ORCL,2020-08-19,56.59,56.89,55.26,55.59,9738753
ORCL,2020-08-20,55.59,57.0,55.12,56.79,11046762
ORCL,2020-08-21,56.79,57.63,56.55,57.03,12618557
ORCL,2020-08-24,57.03,57.49,56.21,56.73,11986158
ORCL,2020-08-25,56.73,57.02,55.57,55.76,13299371
ORCL,2020-08-26,55.76,55.84,55.69,55.82,9970738
ORCL,2020-08-27,55.82,55.94,54.0,54.16,7048017
ORCL,2020-08-28,54.16,55.4,54.01,54.77,12122319
ORCL,2020-08-31,54.77,55.29,53.84,53.99,10472937
ORCL,2020-09-01,53.99,55.81,53.76,55.48,12827596
ORCL,2020-09-02,55.48,56.23,55.29,56.15,5961706
ORCL,2020-09-03,56.15,56.32,56.14,56.22,13322537
ORCL,2020-09-04,56.22,56.78,55.93,56.18,11053214
ORCL,2020-09-07,56.18,56.44,54.11,54.44,6271696
ORCL,2020-09-08,54.44,54.82,54.25,54.52,8916332
ORCL,2020-09-09,54.52,54.61,53.33,53.52,2158265
ORCL,2020-09-10,53.52,54.36,53.05,53.96,8776828
ORCL,2020-09-11,53.96,54.6,53.86,54.43,1363007
ORCL,2020-09-14,54.43,54.56,53.87,54.04,11718065
ORCL,2020-09-15,54.04,54.38,53.91,54.28,10711687
ORCL,2020-09-16,54.28,54.56,52.85,53.35,13344783
ORCL,2020-09-17,53.35,53.74,53.19,53.64,5047260
ORCL,2020-09-18,53.64,54.85,53.49,54.33,11226975
ORCL,2020-09-21,54.33,54.43,53.9,54.24,16203207
ORCL,2020-09-22,54.24,54.32,53.98,54.08,11495236
ORCL,2020-09-23,54.08,54.18,53.83,54.0,7302316
ORCL,2020-09-24,54.0,54.74,53.72,54.48,12908143
ORCL,2020-09-25,54.48,54.8,53.59,53.84,7876264
ORCL,2020-09-28,53.84,54.72,53.75,54.51,5604227
ORCL,2020-09-29,54.51,55.03,54.17,54.6,1742803
ORCL,2020-09-30,54.6,54.96,53.01,53.66,10487032
ORCL,2020-10-01,53.66,54.03,53.06,53.44,11978999
ORCL,2020-10-02,53.44,53.57,53.18,53.24,8793855
ORCL,2020-10-05,53.24,53.59,52.18,52.73,14262718
ORCL,2020-10-06,52.73,52.95,52.01,52.09,7923277
ORCL,2020-10-07,52.09,52.14,51.45,51.58,4164564
ORCL,2020-10-08,51.58,51.76,51.28,51.36,7467988
ORCL,2020-10-09,51.36,51.95,51.07,51.72,7526123
ORCL,2020-10-12,51.72,52.08,51.41,52.05,8861517
ORCL,2020-10-13,52.05,52.32,51.82,51.93,14964086
ORCL,2020-10-14,51.93,53.07,51.76,52.73,11356892
ORCL,2020-10-15,52.73,53.25,51.25,51.85,5801076
ORCL,2020-10-16,51.85,51.93,50.75,50.83,11153075
ORCL,2020-10-19,50.83,52.17,50.46,51.97,8839510
ORCL,2020-10-20,51.97,52.41,51.84,51.91,9374455
ORCL,2020-10-21,51.91,52.1,50.38,51.09,4750658
ORCL,2020-10-22,51.09,52.92,50.83,52.75,10110153
ORCL,2020-10-23,52.75,52.97,52.22,52.27,11152442
ORCL,2020-10-26,52.27,52.55,52.17,52.36,8800761
ORCL,2020-10-27,52.36,53.44,52.07,53.09,4707086
ORCL,2020-10-28,53.09,53.19,52.69,52.72,9286570
ORCL,2020-10-29,52.72,53.56,52.71,53.4,12858805
ORCL,2020-10-30,53.4,54.54,53.17,54.28,5577455
ORCL,2020-11-02,54.28,54.38,53.23,53.53,14021338
ORCL,2020-11-03,53.53,54.08,52.9,53.78,6719203
ORCL,2020-11-04,53.78,54.64,53.42,54.62,7540345
ORCL,2020-11-05,54.62,56.11,54.54,56.05,12032866
ORCL,2020-11-06,56.05,56.06,55.4,55.71,9945269
ORCL,2020-11-09,55.71,55.82,55.65,55.71,10178580
ORCL,2020-11-10,55.71,56.11,55.53,55.82,7275163
ORCL,2020-11-11,55.82,56.67,55.55,56.32,14681382
ORCL,2020-11-12,56.32,56.72,55.82,56.07,11279124
ORCL,2020-11-13,56.07,56.17,54.89,54.92,15726361
ORCL,2020-11-16,54.92,55.55,54.72,55.54,9975319
ORCL,2020-11-17,55.54,56.15,55.52,56.02,12144916
ORCL,2020-11-18,56.02,56.02,54.53,54.71,12080808
ORCL,2020-11-19,54.71,54.82,53.82,54.12,14431407
ORCL,2020-11-20,54.12,55.04,54.09,54.91,11472979
ORCL,2020-11-23,54.91,55.66,54.42,55.51,12731323
ORCL,2020-11-24,55.51,55.54,54.68,54.97,5790294
ORCL,2020-11-25,54.97,55.12,54.48,54.72,11982649
ORCL,2020-11-26,54.72,55.7,54.58,55.67,12584543
ORCL,2020-11-27,55.67,57.39,55.44,57.37,15769165
ORCL,2020-11-30,57.37,57.4,56.16,56.37,11601728
ORCL,2020-12-01,56.37,57.43,55.9,57.37,13075614
ORCL,2020-12-02,57.37,59.19,57.36,58.92,15045948
ORCL,2020-12-03,58.92,58.96,57.91,57.99,10097142
ORCL,2020-12-04,57.99,58.67,56.71,56.9,8097896
ORCL,2020-12-07,56.9,56.97,56.37,56.48,7104636
ORCL,2020-12-08,56.48,56.7,56.38,56.49,12218562
ORCL,2020-12-09,56.49,57.86,56.22,57.8,10206158
ORCL,2020-12-10,57.8,58.04,56.85,57.07,10643669
ORCL,2020-12-11,57.07,57.2,56.61,56.65,12571360
ORCL,2020-12-14,56.65,57.54,56.59,56.89,8411143
ORCL,2020-12-15,56.89,57.06,56.37,56.66,6282439
ORCL,2020-12-16,56.66,56.7,56.16,56.56,7267895
ORCL,2020-12-17,56.56,57.83,56.2,57.8,10280817
ORCL,2020-12-18,57.8,57.96,56.23,56.56,12220024
ORCL,2020-12-21,56.56,56.74,55.65,55.89,10298200
ORCL,2020-12-22,55.89,56.12,55.85,55.95,9950868
ORCL,2020-12-23,55.95,56.44,55.92,56.33,7660836
ORCL,2020-12-24,56.33,57.66,56.21,57.28,10853860
ORCL,2020-12-25,57.28,57.49,55.83,56.08,7616362
ORCL,2020-12-28,56.08,56.19,55.95,56.02,15110606
ORCL,2020-12-29,56.02,56.09,54.5,54.83,7412643
ORCL,2020-12-30,54.83,54.98,54.18,54.53,3465813
ORCL,2020-12-31,54.53,54.61,54.03,54.28,8761275
ORCL,2021-01-01,54.28,54.54,54.16,54.46,9633323
ORCL,2021-01-04,54.46,55.6,54.3,55.24,13674611
ORCL,2021-01-05,55.24,55.51,54.43,54.55,10137807
ORCL,2021-01-06,54.55,54.65,52.53,52.78,10636214
ORCL,2021-01-07,52.78,53.08,51.32,51.35,11809284
ORCL,2021-01-08,51.35,51.7,51.22,51.53,7521515
ORCL,2021-01-11,51.53,52.19,51.53,51.99,10780974
ORCL,2021-01-12,51.99,52.57,51.83,52.45,10110717
ORCL,2021-01-13,52.45,53.67,52.29,53.45,12704032
ORCL,2021-01-14,53.45,53.61,52.82,53.14,12505345
ORCL,2021-01-15,53.14,54.64,52.92,54.6,9868151
ORCL,2021-01-18,54.6,54.75,53.74,53.96,12617843
ORCL,2021-01-19,53.96,53.98,53.61,53.68,12645817
ORCL,2021-01-20,53.68,53.97,52.45,52.53,8729079
ORCL,2021-01-21,52.53,53.29,52.48,53.15,6853003
ORCL,2021-01-22,53.15,54.67,52.66,54.3,10347613
ORCL,2021-01-25,54.3,54.33,53.18,53.77,12396438
ORCL,2021-01-26,53.77,53.78,53.53,53.74,10879374
ORCL,2021-01-27,53.74,55.65,53.74,55.19,4911019
ORCL,2021-01-28,55.19,55.74,54.15,54.26,12733383
ORCL,2021-01-29,54.26,55.24,54.12,54.44,8358794
ORCL,2021-02-01,54.44,54.52,53.93,54.42,8182520
ORCL,2021-02-02,54.42,55.61,54.02,55.5,6820719
ORCL,2021-02-03,55.5,55.76,54.39,54.6,15624609
ORCL,2021-02-04,54.6,54.89,54.32,54.33,11173320
ORCL,2021-02-05,54.33,55.74,53.79,55.69,8155272
ORCL,2021-02-08,55.69,56.51,55.48,56.16,5653664
ORCL,2021-02-09,56.16,56.21,55.44,55.66,11847497
ORCL,2021-02-10,55.66,56.19,54.74,54.8,12866801
ORCL,2021-02-11,54.8,55.55,54.67,55.3,11677161
ORCL,2021-02-12,55.3,55.53,54.87,55.46,16900936
ORCL,2021-02-15,55.46,55.63,55.36,55.48,14124298
ORCL,2021-02-16,55.48,55.89,54.67,54.82,12839557
ORCL,2021-02-17,54.82,55.22,54.68,55.13,9547523
ORCL,2021-02-18,55.13,57.44,55.01,57.18,9099179
ORCL,2021-02-19,57.18,57.25,57.03,57.18,9028739
ORCL,2021-02-22,57.18,57.43,56.55,56.72,8736303
ORCL,2021-02-23,56.72,56.86,56.24,56.55,8595231
ORCL,2021-02-24,56.55,56.68,55.46,56.01,8483394
ORCL,2021-02-25,56.01,56.99,55.95,56.92,10657279
ORCL,2021-02-26,56.92,57.47,56.79,57.45,12138398
ORCL,2021-03-01,57.45,57.53,57.39,57.42,9555152
ORCL,2021-03-02,57.42,58.31,57.09,58.28,11388263
ORCL,2021-03-03,58.28,58.46,58.26,58.3,10654340
ORCL,2021-03-04,58.3,58.87,58.09,58.13,5396604
ORCL,2021-03-05,58.13,58.48,55.71,56.16,10053933
ORCL,2021-03-08,56.16,56.81,54.73,55.15,10317884
ORCL,2021-03-09,55.15,55.15,54.41,54.65,10058768
ORCL,2021-03-10,54.65,55.18,54.39,55.07,11468420
ORCL,2021-03-11,55.07,55.09,54.98,54.99,10101635
ORCL,2021-03-12,54.99,55.12,54.23,54.6,11481874
ORCL,2021-03-15,54.6,54.71,53.88,54.03,9672823
ORCL,2021-03-16,54.03,54.32,53.6,53.81,12454317
ORCL,2021-03-17,53.81,53.87,53.39,53.41,8495273
ORCL,2021-03-18,53.41,53.98,52.77,53.84,8025424
ORCL,2021-03-19,53.84,54.08,53.07,53.47,11680637
ORCL,2021-03-22,53.47,54.37,53.2,54.31,11964733
ORCL,2021-03-23,54.31,54.32,53.29,53.75,6873246
ORCL,2021-03-24,53.75,55.09,53.69,55.03,12090720
ORCL,2021-03-25,55.03,56.75,54.8,56.74,10356291
ORCL,2021-03-26,56.74,56.91,56.3,56.84,8396344
ORCL,2021-03-29,56.84,57.16,56.23,56.41,7916172
ORCL,2021-03-30,56.41,57.59,56.27,57.09,8777214
ORCL,2021-03-31,57.09,58.26,57.03,58.2,11546909
ORCL,2021-04-01,58.2,58.29,57.66,57.68,6030167
ORCL,2021-04-02,57.68,58.2,56.5,56.53,12170558
ORCL,2021-04-05,56.53,56.79,55.09,55.14,4207958
ORCL,2021-04-06,55.14,55.37,54.21,54.68,11293876
ORCL,2021-04-07,54.68,55.15,54.63,55.08,11520156
ORCL,2021-04-08,55.08,55.83,54.72,55.26,9436090
ORCL,2021-04-09,55.26,56.58,55.2,56.57,11505186
ORCL,2021-04-12,56.57,57.13,55.85,56.66,14204098
ORCL,2021-04-13,56.66,56.76,56.31,56.71,12007762
ORCL,2021-04-14,56.71,56.9,55.69,55.91,9746217
ORCL,2021-04-15,55.91,56.01,55.29,55.5,5928333
ORCL,2021-04-16,55.5,56.18,55.38,55.84,14380063
ORCL,2021-04-19,55.84,56.05,55.39,55.79,5121908
ORCL,2021-04-20,55.79,55.79,55.23,55.57,10575361
ORCL,2021-04-21,55.57,55.84,54.27,54.46,7018438
ORCL,2021-04-22,54.46,55.46,53.99,55.33,9860958
ORCL,2021-04-23,55.33,55.81,54.98,55.58,4047401
ORCL,2021-04-26,55.58,56.02,55.4,55.58,13071132
ORCL,2021-04-27,55.58,56.34,55.53,56.11,11417637
ORCL,2021-04-28,56.11,56.44,55.52,55.72,9665461
ORCL,2021-04-29,55.72,56.05,55.54,56.03,6502453
ORCL,2021-04-30,56.03,56.08,55.53,55.83,10034731
ORCL,2021-05-03,55.83,55.85,55.36,55.45,8582120
ORCL,2021-05-04,55.45,55.62,54.78,54.83,9658396
ORCL,2021-05-05,54.83,57.27,54.72,57.06,11766050
ORCL,2021-05-06,57.06,57.31,56.53,56.76,10079593
ORCL,2021-05-07,56.76,57.57,56.48,57.46,9899989
ORCL,2021-05-10,57.46,57.53,56.91,57.2,10277649
ORCL,2021-05-11,57.2,57.68,56.95,57.46,13626263
ORCL,2021-05-12,57.46,57.67,57.37,57.6,8813915
ORCL,2021-05-13,57.6,59.32,57.59,59.04,14919500
ORCL,2021-05-14,59.04,59.07,58.97,59.02,12830758
ORCL,2021-05-17,59.02,59.46,57.78,57.83,10084559
ORCL,2021-05-18,57.83,57.92,57.67,57.72,13473009
ORCL,2021-05-19,57.72,58.31,57.64,58.02,11982772
ORCL,2021-05-20,58.02,59.87,57.73,59.39,7326421
ORCL,2021-05-21,59.39,60.34,59.16,60.22,9160222
ORCL,2021-05-24,60.22,60.46,60.05,60.29,14416256
ORCL,2021-05-25,60.29,60.41,59.22,59.72,6655305
ORCL,2021-05-26,59.72,60.52,57.74,58.11,8098993
ORCL,2021-05-27,58.11,58.23,57.18,57.21,12461126
ORCL,2021-05-28,57.21,57.74,57.14,57.44,14023104
ORCL,2021-05-31,57.44,57.84,57.43,57.81,9908341
ORCL,2021-06-01,57.81,58.27,57.13,57.44,13142152
ORCL,2021-06-02,57.44,59.22,57.04,59.15,9098679
ORCL,2021-06-03,59.15,59.59,58.8,59.27,10349140
ORCL,2021-06-04,59.27,59.51,57.93,58.19,13442252
ORCL,2021-06-07,58.19,58.71,57.53,57.92,10053702
ORCL,2021-06-08,57.92,58.82,57.79,58.38,10675230
ORCL,2021-06-09,58.38,58.49,58.17,58.39,11050198
ORCL,2021-06-10,58.39,59.38,58.23,59.36,6142896
ORCL,2021-06-11,59.36,61.23,58.95,60.91,9195659
ORCL,2021-06-14,60.91,61.33,60.41,60.62,14179840
ORCL,2021-06-15,60.62,61.12,59.98,61.06,11410295
ORCL,2021-06-16,61.06,61.39,60.39,60.4,10368075
ORCL,2021-06-17,60.4,60.96,60.29,60.76,12098221
ORCL,2021-06-18,60.76,60.89,60.28,60.52,9474480
ORCL,2021-06-21,60.52,62.26,60.17,61.91,8025886
ORCL,2021-06-22,61.91,62.2,61.38,62.1,10629440
ORCL,2021-06-23,62.1,63.39,62.06,63.07,12199322
ORCL,2021-06-24,63.07,64.11,63.02,63.82,8136973
ORCL,2021-06-25,63.82,64.93,63.8,64.24,6190976
ORCL,2021-06-28,64.24,65.43,63.79,65.28,11332776
ORCL,2021-06-29,65.28,65.81,65.16,65.29,7676167
ORCL,2021-06-30,65.29,66.77,64.92,66.72,5846489
ORCL,2021-07-01,66.72,69.18,66.27,68.88,8805478
ORCL,2021-07-02,68.88,69.92,68.87,69.42,10096814
ORCL,2021-07-05,69.42,69.65,68.12,68.43,8676112
ORCL,2021-07-06,68.43,68.47,68.01,68.18,6705012
ORCL,2021-07-07,68.18,70.9,67.94,70.22,11803647
ORCL,2021-07-08,70.22,70.25,68.96,69.56,7106779
ORCL,2021-07-09,69.56,69.6,68.44,69.08,10072287
ORCL,2021-07-12,69.08,69.45,67.98,68.17,100000
ORCL,2021-07-13,68.17,69.13,68.01,68.94,14981887
ORCL,2021-07-14,68.94,69.07,68.27,68.6,8121383
ORCL,2021-07-15,68.6,70.45,67.89,70.12,10157929
ORCL,2021-07-16,70.12,70.24,68.72,69.11,12457217
ORCL,2021-07-19,69.11,69.94,68.99,69.71,12804673
ORCL,2021-07-20,69.71,69.84,67.6,68.12,12271971
ORCL,2021-07-21,68.12,70.8,67.99,70.47,11235144
ORCL,2021-07-22,70.47,70.66,70.37,70.65,6849579
ORCL,2021-07-23,70.65,70.83,69.93,70.25,10123593
ORCL,2021-07-26,70.25,70.81,69.46,69.62,9191421
ORCL,2021-07-27,69.62,69.66,68.73,68.81,8126401
ORCL,2021-07-28,68.81,69.47,67.5,67.97,2815575
ORCL,2021-07-29,67.97,68.97,67.94,68.83,11367744
ORCL,2021-07-30,68.83,68.98,67.96,68.36,12573616
ORCL,2021-08-02,68.36,68.66,66.8,67.16,10788146
ORCL,2021-08-03,67.16,67.18,65.74,66.36,10637870
ORCL,2021-08-04,66.36,66.38,65.44,65.88,15488557
ORCL,2021-08-05,65.88,66.01,65.15,65.51,6005635
ORCL,2021-08-06,65.51,66.3,65.2,65.3,5752959
ORCL,2021-08-09,65.3,65.34,62.58,62.8,3507950
ORCL,2021-08-10,62.8,62.98,61.37,61.78,12759150
ORCL,2021-08-11,61.78,62.76,61.71,62.7,10429593
ORCL,2021-08-12,62.7,63.14,61.73,62.09,5602819
ORCL,2021-08-13,62.09,62.46,61.91,62.11,8749589
ORCL,2021-08-16,62.11,62.28,62.07,62.09,7479021
ORCL,2021-08-17,62.09,62.82,61.97,62.77,8476940
ORCL,2021-08-18,62.77,63.52,62.46,63.47,12955220
ORCL,2021-08-19,63.47,64.3,63.1,63.88,9504205
ORCL,2021-08-20,63.88,64.27,63.84,64.08,8260661
ORCL,2021-08-23,64.08,64.38,63.75,64.06,5418888
ORCL,2021-08-24,64.06,64.13,63.51,63.74,12857160
ORCL,2021-08-25,63.74,65.63,63.42,65.02,9555941
ORCL,2021-08-26,65.02,65.24,64.57,65.19,7581265
ORCL,2021-08-27,65.19,66.33,64.96,65.94,9891021
ORCL,2021-08-30,65.94,66.89,65.86,66.45,10973133
ORCL,2021-08-31,66.45,67.94,66.21,67.58,11046482
ORCL,2021-09-01,67.58,69.18,67.4,68.88,8260711
ORCL,2021-09-02,68.88,71.92,68.16,71.49,18184106
ORCL,2021-09-03,71.49,71.58,70.7,70.75,7584597
ORCL,2021-09-06,70.75,71.25,69.79,71.1,9744116
ORCL,2021-09-07,71.1,71.23,70.47,70.8,13424468
ORCL,2021-09-08,70.8,70.96,69.86,70.32,14937425
ORCL,2021-09-09,70.32,71.08,69.81,70.96,9857292
ORCL,2021-09-10,70.96,72.29,70.69,72.17,10899464
ORCL,2021-09-13,72.17,72.79,71.65,71.71,9684164
ORCL,2021-09-14,71.71,72.14,71.23,72.13,12686736
ORCL,2021-09-15,72.13,72.55,71.62,71.77,8356669
ORCL,2021-09-16,71.77,72.31,68.96,69.16,9961049
ORCL,2021-09-17,69.16,71.35,69.14,71.14,10507613
ORCL,2021-09-20,71.14,72.07,71.12,71.44,8379514
ORCL,2021-09-21,71.44,72.38,71.34,71.73,14434632
ORCL,2021-09-22,71.73,71.78,69.48,69.93,10359766
ORCL,2021-09-23,69.93,70.05,69.41,69.99,10071228
ORCL,2021-09-24,69.99,70.41,69.73,70.35,5562767
ORCL,2021-09-27,70.35,70.71,68.11,68.45,9545448
ORCL,2021-09-28,68.45,70.03,68.37,69.7,13816577
ORCL,2021-09-29,69.7,70.37,69.58,69.85,9805513
ORCL,2021-09-30,69.85,70.16,68.77,69.01,8045892
ORCL,2021-10-01,69.01,69.19,68.98,68.99,8983969
ORCL,2021-10-04,68.99,70.44,68.97,70.09,12556076
ORCL,2021-10-05,70.09,70.62,69.05,69.43,7980213
ORCL,2021-10-06,69.43,69.81,68.97,69.64,11381732
ORCL,2021-10-07,69.64,70.73,69.5,70.39,14392370
ORCL,2021-10-08,70.39,70.59,69.91,70.09,8600574
ORCL,2021-10-11,70.09,70.48,69.4,69.41,12840492
ORCL,2021-10-12,69.41,71.24,69.35,70.65,5557382
ORCL,2021-10-13,70.65,71.19,70.18,70.98,9606331
ORCL,2021-10-14,70.98,71.48,70.44,70.86,6109217
ORCL,2021-10-15,70.86,72.6,70.64,72.19,12142735
ORCL,2021-10-18,72.19,75.23,72.15,75.06,13415476
ORCL,2021-10-19,75.06,76.94,74.65,75.87,15933865
ORCL,2021-10-20,75.87,76.28,75.63,75.76,7900227
ORCL,2021-10-21,75.76,76.11,75.4,75.91,9531394
ORCL,2021-10-22,75.91,78.28,75.42,78.16,14895683
ORCL,2021-10-25,78.16,79.19,77.21,79.0,8503207
ORCL,2021-10-26,79.0,79.29,77.85,78.15,12873710
ORCL,2021-10-27,78.15,78.32,76.71,76.74,9122906
ORCL,2021-10-28,76.74,77.3,76.31,76.85,12542243
ORCL,2021-10-29,76.85,77.26,74.65,74.79,10186318
ORCL,2021-11-01,74.79,75.47,72.94,73.51,6280192
ORCL,2021-11-02,73.51,75.46,72.92,74.98,6178766
ORCL,2021-11-03,74.98,76.95,74.78,75.92,5155415
ORCL,2021-11-04,75.92,76.22,74.16,74.42,11635154
ORCL,2021-11-05,74.42,75.86,74.08,75.72,11284162
ORCL,2021-11-08,75.72,76.77,75.0,76.63,10416284
ORCL,2021-11-09,76.63,76.9,75.7,75.73,12527822
ORCL,2021-11-10,75.73,77.42,75.35,77.32,6847153
ORCL,2021-11-11,77.32,77.43,76.73,77.35,6724323
ORCL,2021-11-12,77.35,77.78,75.81,76.13,7392205
ORCL,2021-11-15,76.13,76.33,75.71,76.19,6603273
ORCL,2021-11-16,76.19,76.93,76.18,76.72,7249265
ORCL,2021-11-17,76.72,78.42,76.56,77.65,10071353
ORCL,2021-11-18,77.65,77.83,75.08,75.75,11538218
ORCL,2021-11-19,75.75,76.18,75.48,75.71,11587569
ORCL,2021-11-22,75.71,78.14,75.28,77.42,10177045
ORCL,2021-11-23,77.42,77.59,76.66,76.87,3215435
ORCL,2021-11-24,76.87,77.09,76.66,76.68,8331284
ORCL,2021-11-25,76.68,76.95,75.5,75.77,7380460
ORCL,2021-11-26,75.77,76.7,75.51,76.58,9284644
ORCL,2021-11-29,76.58,77.16,75.86,76.24,8422080
ORCL,2021-11-30,76.24,77.49,76.16,77.44,12257414
ORCL,2021-12-01,77.44,79.2,77.15,78.85,6659384
ORCL,2021-12-02,78.85,80.15,78.41,79.93,12381069
ORCL,2021-12-03,79.93,80.66,79.06,79.94,6426512
ORCL,2021-12-06,79.94,79.95,77.08,77.66,9819587
ORCL,2021-12-07,77.66,80.4,77.41,79.41,5754917
ORCL,2021-12-08,79.41,79.78,76.67,77.03,13410212
ORCL,2021-12-09,77.03,77.71,75.23,75.48,6887012
ORCL,2021-12-10,75.48,76.3,74.7,76.23,15395412
ORCL,2021-12-13,76.23,77.03,75.73,76.46,11876678
ORCL,2021-12-14,76.46,76.96,76.23,76.74,10171565
ORCL,2021-12-15,76.74,78.17,76.55,78.03,10681384
ORCL,2021-12-16,78.03,80.38,77.71,79.48,13997005
ORCL,2021-12-17,79.48,81.31,79.46,80.61,15588151
ORCL,2021-12-20,80.61,83.22,79.58,82.9,14036061
ORCL,2021-12-21,82.9,83.06,80.14,80.74,11390903
ORCL,2021-12-22,80.74,80.83,79.47,79.89,6084974
ORCL,2021-12-23,79.89,80.75,78.93,79.09,12747366
ORCL,2021-12-24,79.09,79.22,76.92,77.13,15463982
ORCL,2021-12-27,77.13,78.24,77.13,77.86,10382429
ORCL,2021-12-28,77.86,77.98,76.78,76.78,12974660
ORCL,2021-12-29,76.78,77.45,76.05,77.1,14065034
ORCL,2021-12-30,77.1,77.19,75.65,76.17,7327672
ORCL,2021-12-31,76.17,76.99,76.07,76.73,10826980
ORCL,2022-01-03,76.73,76.92,74.79,75.14,9518248
ORCL,2022-01-04,75.14,75.99,74.54,75.53,13940100
ORCL,2022-01-05,75.53,75.66,73.89,74.45,14326628
ORCL,2022-01-06,74.45,74.67,74.04,74.18,11550505
ORCL,2022-01-07,74.18,75.62,74.13,75.3,7964749
ORCL,2022-01-10,75.3,75.63,75.15,75.53,7998981
ORCL,2022-01-11,75.53,76.31,74.11,74.28,8575823
ORCL,2022-01-12,74.28,74.48,74.14,74.48,6433013
ORCL,2022-01-13,74.48,75.06,74.39,74.51,3538221
ORCL,2022-01-14,74.51,74.69,74.47,74.65,8395231
ORCL,2022-01-17,74.65,76.42,74.52,76.17,9296571
ORCL,2022-01-18,76.17,78.95,75.96,78.76,11052406
ORCL,2022-01-19,78.76,80.68,78.61,80.61,15967705
ORCL,2022-01-20,80.61,81.92,80.24,81.54,13181235
ORCL,2022-01-21,81.54,81.77,80.5,81.0,3031925
ORCL,2022-01-24,81.0,81.45,80.56,80.68,13384274
ORCL,2022-01-25,80.68,80.97,79.99,80.72,9318802
ORCL,2022-01-26,80.72,81.45,80.11,81.15,9185251
ORCL,2022-01-27,81.15,82.04,80.33,81.64,9511412
ORCL,2022-01-28,81.64,81.67,80.74,80.88,5557723
ORCL,2022-01-31,80.88,81.76,80.25,81.71,6530264
ORCL,2022-02-01,81.71,83.15,80.79,82.43,11905534
ORCL,2022-02-02,82.43,83.34,81.84,82.22,10363373
ORCL,2022-02-03,82.22,82.53,80.76,81.19,11130205
ORCL,2022-02-04,81.19,81.36,81.01,81.23,8344039
ORCL,2022-02-07,81.23,81.42,80.32,80.84,7541747
ORCL,2022-02-08,80.84,81.28,80.25,81.16,9274920
ORCL,2022-02-09,81.16,81.72,79.89,80.26,10892705
ORCL,2022-02-10,80.26,81.84,80.16,81.42,10829791
ORCL,2022-02-11,81.42,83.33,80.73,82.55,12328158
ORCL,2022-02-14,82.55,82.79,80.1,80.11,8078444
ORCL,2022-02-15,80.11,80.27,78.54,78.74,9635430
ORCL,2022-02-16,78.74,79.11,76.13,76.31,9321200
ORCL,2022-02-17,76.31,76.39,76.16,76.21,16788636
ORCL,2022-02-18,76.21,76.32,75.66,76.15,9526018
ORCL,2022-02-21,76.15,76.69,75.85,75.99,10637252
ORCL,2022-02-22,75.99,77.84,75.82,77.64,13258021
ORCL,2022-02-23,77.64,77.98,77.36,77.96,8612561
ORCL,2022-02-24,77.96,78.41,77.76,78.37,11990963
ORCL,2022-02-25,78.37,79.23,78.13,78.86,11745905
ORCL,2022-02-28,78.86,79.34,76.06,76.7,11120233
ORCL,2022-03-01,76.7,77.26,74.64,74.77,8924602
ORCL,2022-03-02,74.77,75.29,74.27,75.28,6404783
ORCL,2022-03-03,75.28,75.7,74.17,74.55,6554845
ORCL,2022-03-04,74.55,75.86,74.54,75.68,8931012
ORCL,2022-03-07,75.68,75.88,74.8,74.89,5014962
ORCL,2022-03-08,74.89,77.48,74.75,77.28,13638666
ORCL,2022-03-09,77.28,78.76,77.12,77.99,8941089
ORCL,2022-03-10,77.99,78.38,75.74,76.56,10519703
ORCL,2022-03-11,76.56,76.69,74.35,74.54,8737917
ORCL,2022-03-14,74.54,74.78,73.74,73.75,9592476
ORCL,2022-03-15,73.75,74.65,73.34,74.3,10842944
ORCL,2022-03-16,74.3,74.74,73.79,73.9,6632322
ORCL,2022-03-17,73.9,74.0,72.21,72.8,3173874
ORCL,2022-03-18,72.8,74.24,72.17,74.13,14412523
ORCL,2022-03-21,74.13,74.8,72.47,72.7,7165753
ORCL,2022-03-22,72.7,73.41,72.39,73.35,10137474
ORCL,2022-03-23,73.35,75.23,73.2,75.06,8048964
ORCL,2022-03-24,75.06,75.74,74.7,75.32,8311489
ORCL,2022-03-25,75.32,76.44,75.17,76.01,9856421
ORCL,2022-03-28,76.01,76.77,75.98,76.35,13649096
ORCL,2022-03-29,76.35,76.71,75.26,75.63,7287179
ORCL,2022-03-30,75.63,77.25,75.15,75.93,12080952
ORCL,2022-03-31,75.93,76.15,74.66,74.76,6254724
ORCL,2022-04-01,74.76,75.83,74.29,75.76,10987549
ORCL,2022-04-04,75.76,76.17,75.49,75.93,13678665
ORCL,2022-04-05,75.93,76.3,74.69,74.83,10626379
ORCL,2022-04-06,74.83,75.28,73.88,74.48,10657966
ORCL,2022-04-07,74.48,74.57,72.92,73.33,14338489
ORCL,2022-04-08,73.33,75.53,72.94,75.39,7945852
ORCL,2022-04-11,75.39,75.6,73.69,74.3,6056204
ORCL,2022-04-12,74.3,75.64,74.27,75.16,1180551
ORCL,2022-04-13,75.16,77.0,75.03,76.58,6992078
ORCL,2022-04-14,76.58,76.58,76.08,76.38,11353295
ORCL,2022-04-15,76.38,80.65,76.15,79.82,6414993
ORCL,2022-04-18,79.82,80.54,79.76,80.21,11201802
ORCL,2022-04-19,80.21,81.78,79.98,81.65,16404762
ORCL,2022-04-20,81.65,81.77,79.29,79.58,7431367
ORCL,2022-04-21,79.58,81.37,79.49,81.36,10589412
ORCL,2022-04-22,81.36,81.72,79.74,79.87,14646723
ORCL,2022-04-25,79.87,80.69,79.58,80.43,7771945
ORCL,2022-04-26,80.43,80.99,80.13,80.95,14590319
ORCL,2022-04-27,80.95,81.12,80.57,80.91,10488445
ORCL,2022-04-28,80.91,82.91,80.62,82.73,15965016
ORCL,2022-04-29,82.73,84.03,82.47,83.8,13257126
ORCL,2022-05-02,83.8,84.19,82.68,83.1,8786986
ORCL,2022-05-03,83.1,84.09,83.01,83.91,9754978
ORCL,2022-05-04,83.91,84.28,83.33,83.36,10595197
ORCL,2022-05-05,83.36,83.54,82.41,82.9,8731123
ORCL,2022-05-06,82.9,84.22,82.61,83.78,13941470
ORCL,2022-05-09,83.78,83.9,83.27,83.76,15457592
ORCL,2022-05-10,83.76,85.68,83.13,84.93,14031863
ORCL,2022-05-11,84.93,85.08,83.41,84.09,11179572
ORCL,2022-05-12,84.09,86.14,83.62,85.84,7031262
ORCL,2022-05-13,85.84,87.12,85.45,86.72,11294932
ORCL,2022-05-16,86.72,86.76,84.48,84.98,12143925
ORCL,2022-05-17,84.98,85.72,84.92,85.69,8901420
ORCL,2022-05-18,85.69,86.36,85.46,86.13,7937003
ORCL,2022-05-19,86.13,88.39,86.04,87.81,11952092
ORCL,2022-05-20,87.81,88.52,84.77,85.37,5142256
ORCL,2022-05-23,85.37,86.77,85.25,86.45,10909688
ORCL,2022-05-24,86.45,86.71,86.2,86.63,11442642
ORCL,2022-05-25,86.63,87.29,86.37,86.95,8593212
ORCL,2022-05-26,86.95,87.42,86.68,86.72,10512896
ORCL,2022-05-27,86.72,88.35,86.17,88.1,7720656
ORCL,2022-05-30,88.1,88.83,86.89,87.02,11177479
ORCL,2022-05-31,87.02,90.58,86.89,90.11,9839413
ORCL,2022-06-01,90.11,90.64,88.68,89.14,9187571
ORCL,2022-06-02,89.14,91.5,89.01,90.68,5616701
ORCL,2022-06-03,90.68,91.07,89.92,90.66,10873791
ORCL,2022-06-06,90.66,91.53,89.49,90.99,6536956
ORCL,2022-06-07,90.99,92.0,90.09,91.66,5771301
ORCL,2022-06-08,91.66,95.23,91.08,94.74,13365031
ORCL,2022-06-09,94.74,96.4,94.29,95.96,9465820
ORCL,2022-06-10,95.96,96.32,94.67,94.74,13734369
ORCL,2022-06-13,94.74,98.1,94.61,97.42,13820024
ORCL,2022-06-14,97.42,100.35,96.58,99.92,15262112
ORCL,2022-06-15,99.92,100.85,99.55,100.46,10225556
ORCL,2022-06-16,100.46,100.65,99.97,100.22,12660968
ORCL,2022-06-17,100.22,100.68,99.42,99.73,5546509
ORCL,2022-06-20,99.73,101.13,99.55,101.12,10455776
ORCL,2022-06-21,101.12,101.81,99.45,99.74,11315821
ORCL,2022-06-22,99.74,102.03,99.59,101.63,11374641
ORCL,2022-06-23,101.63,102.4,99.31,99.79,9068669
ORCL,2022-06-24,99.79,100.67,99.59,100.41,8536967
ORCL,2022-06-27,100.41,101.44,99.55,99.71,7984943
ORCL,2022-06-28,99.71,102.45,99.68,101.66,4310890
ORCL,2022-06-29,101.66,103.76,101.15,103.54,13222675
ORCL,2022-06-30,103.54,103.86,102.1,102.32,8029366
ORCL,2022-07-01,102.32,103.97,101.17,103.38,14742556
ORCL,2022-07-04,103.38,105.2,102.95,104.32,12774323
ORCL,2022-07-05,104.32,104.96,102.88,102.93,10600604
ORCL,2022-07-06,102.93,103.15,99.95,100.79,7603833
ORCL,2022-07-07,100.79,100.89,100.42,100.64,12834817
ORCL,2022-07-08,100.64,101.25,100.3,100.31,7937160
ORCL,2022-07-11,100.31,101.08,98.74,98.93,11861073
ORCL,2022-07-12,98.93,100.08,96.31,96.4,11318807
ORCL,2022-07-13,96.4,98.29,96.15,98.15,9388225
ORCL,2022-07-14,98.15,98.74,97.8,98.7,10093356
ORCL,2022-07-15,98.7,99.37,96.77,97.41,4336045
ORCL,2022-07-18,97.41,97.87,97.1,97.42,10781894
ORCL,2022-07-19,97.42,100.26,97.31,100.22,9917825
ORCL,2022-07-20,100.22,101.37,100.1,101.19,11560854
ORCL,2022-07-21,101.19,101.71,100.09,100.12,8593489
ORCL,2022-07-22,100.12,102.12,99.07,101.94,14232371
ORCL,2022-07-25,101.94,103.53,100.59,103.25,5931189
ORCL,2022-07-26,103.25,105.65,103.12,105.14,7117074
ORCL,2022-07-27,105.14,106.84,105.07,106.69,10248039
ORCL,2022-07-28,106.69,106.99,105.01,105.66,9081204
ORCL,2022-07-29,105.66,106.74,104.47,106.2,8614074
ORCL,2022-08-01,106.2,111.33,106.09,110.45,8874827
ORCL,2022-08-02,110.45,113.02,109.94,112.28,7225002
ORCL,2022-08-03,112.28,113.29,108.28,108.9,12573060
ORCL,2022-08-04,108.9,110.33,108.64,109.55,9275335
ORCL,2022-08-05,109.55,109.79,106.43,107.6,7731644
ORCL,2022-08-08,107.6,108.0,106.24,106.29,10352497
ORCL,2022-08-09,106.29,109.57,105.84,107.89,6523919
ORCL,2022-08-10,107.89,109.96,106.93,109.12,8121500
ORCL,2022-08-11,109.12,110.76,108.78,110.04,13300833
ORCL,2022-08-12,110.04,110.57,108.96,109.28,11218674
ORCL,2022-08-15,109.28,110.0,107.58,108.42,8999775
ORCL,2022-08-16,108.42,111.52,108.26,111.18,9021762
ORCL,2022-08-17,111.18,111.85,110.01,110.46,11962013
ORCL,2022-08-18,110.46,111.32,108.69,108.99,7666044
ORCL,2022-08-19,108.99,109.03,107.43,107.7,9472048
ORCL,2022-08-22,107.7,108.54,106.25,106.37,11284724
ORCL,2022-08-23,106.37,110.25,106.0,109.29,14376078
ORCL,2022-08-24,109.29,109.49,107.69,108.22,10093965
ORCL,2022-08-25,108.22,108.73,107.93,108.05,9446598
ORCL,2022-08-26,108.05,110.59,107.63,110.43,4170994
ORCL,2022-08-29,110.43,111.06,108.77,109.41,12308566
ORCL,2022-08-30,109.41,109.58,105.24,105.53,9280967
ORCL,2022-08-31,105.53,106.73,104.71,106.08,9198802
ORCL,2022-09-01,106.08,111.84,105.8,111.79,11384160
ORCL,2022-09-02,111.79,112.14,110.09,110.76,10623424
ORCL,2022-09-05,110.76,113.31,110.67,113.23,10635443
ORCL,2022-09-06,113.23,114.54,111.61,112.42,9986232
ORCL,2022-09-07,112.42,113.24,110.63,110.91,7758392
ORCL,2022-09-08,110.91,111.49,109.14,109.19,4550791
ORCL,2022-09-09,109.19,109.52,108.74,109.17,12711171
ORCL,2022-09-12,109.17,109.5,107.17,107.89,11346657
ORCL,2022-09-13,107.89,109.61,107.64,109.15,7971382
ORCL,2022-09-14,109.15,110.15,107.01,107.57,8856376
ORCL,2022-09-15,107.57,108.31,106.1,106.13,13561603
ORCL,2022-09-16,106.13,110.61,105.69,110.38,12748288
ORCL,2022-09-19,110.38,111.31,110.23,110.82,11364753
ORCL,2022-09-20,110.82,111.15,110.81,111.13,11791776
ORCL,2022-09-21,111.13,111.25,109.1,109.21,8155781
ORCL,2022-09-22,109.21,110.35,108.7,109.97,6007827
ORCL,2022-09-23,109.97,110.08,107.93,108.12,10835882
ORCL,2022-09-26,108.12,109.89,107.42,109.31,7383208
ORCL,2022-09-27,109.31,109.38,106.62,107.05,10017816
ORCL,2022-09-28,107.05,107.42,103.57,103.82,9367633
ORCL,2022-09-29,103.82,105.7,103.55,104.96,10970500
ORCL,2022-09-30,104.96,106.99,104.27,106.07,9941202
ORCL,2022-10-03,106.07,110.31,105.75,109.99,8086324
ORCL,2022-10-04,109.99,112.09,108.88,111.39,10805160
ORCL,2022-10-05,111.39,112.26,110.81,111.6,10326358
ORCL,2022-10-06,111.6,112.72,111.42,112.52,10496120
ORCL,2022-10-07,112.52,113.59,112.38,113.37,7656778
ORCL,2022-10-10,113.37,115.54,112.9,115.47,11367846
ORCL,2022-10-11,115.47,116.48,115.34,116.11,11337218
ORCL,2022-10-12,116.11,116.28,115.31,116.04,14011625
ORCL,2022-10-13,116.04,117.3,115.54,117.3,7292553
ORCL,2022-10-14,117.3,118.4,116.71,117.46,9562486
ORCL,2022-10-17,117.46,118.04,116.18,116.75,8373876
ORCL,2022-10-18,116.75,119.26,116.14,118.7,9128404
ORCL,2022-10-19,118.7,119.63,115.14,115.54,7004547
ORCL,2022-10-20,115.54,116.2,115.33,115.92,7445031
ORCL,2022-10-21,115.92,117.13,115.87,116.41,10866330
ORCL,2022-10-24,116.41,116.88,113.09,113.53,15841055
ORCL,2022-10-25,113.53,115.15,112.59,114.25,14608466
ORCL,2022-10-26,114.25,114.94,113.59,114.35,8349960
ORCL,2022-10-27,114.35,118.3,112.95,117.72,3328484
ORCL,2022-10-28,117.72,120.32,117.57,119.63,4370407
ORCL,2022-10-31,119.63,120.59,116.09,116.29,7999891
ORCL,2022-11-01,116.29,116.33,112.39,113.03,8067463
ORCL,2022-11-02,113.03,113.85,110.6,110.69,10114320
ORCL,2022-11-03,110.69,114.33,110.35,113.96,14223675
ORCL,2022-11-04,113.96,115.62,113.16,114.56,10545395
ORCL,2022-11-07,114.56,114.74,111.37,111.43,12907228
ORCL,2022-11-08,111.43,113.94,110.87,113.87,12070406
ORCL,2022-11-09,113.87,115.39,113.01,114.97,11293258
ORCL,2022-11-10,114.97,115.62,114.36,115.12,11735228
ORCL,2022-11-11,115.12,115.87,114.49,115.46,5001621
ORCL,2022-11-14,115.46,115.58,113.63,114.33,16666873
ORCL,2022-11-15,114.33,114.97,112.22,112.34,10070068
ORCL,2022-11-16,112.34,112.41,111.49,111.92,6498529
ORCL,2022-11-17,111.92,112.23,109.81,110.83,7941217
ORCL,2022-11-18,110.83,111.82,109.96,110.47,8478695
ORCL,2022-11-21,110.47,110.87,110.29,110.46,8518383
ORCL,2022-11-22,110.46,113.1,110.23,112.95,10854621
ORCL,2022-11-23,112.95,112.99,111.9,112.08,9564626
ORCL,2022-11-24,112.08,112.48,109.14,109.35,10181500
ORCL,2022-11-25,109.35,110.58,106.5,106.68,7951009
ORCL,2022-11-28,106.68,106.92,104.02,104.19,12554453
ORCL,2022-11-29,104.19,105.54,103.17,104.67,10277581
ORCL,2022-11-30,104.67,104.71,101.32,101.44,6675069
ORCL,2022-12-01,101.44,102.13,100.74,100.84,11814070
ORCL,2022-12-02,100.84,102.98,99.91,101.86,13167496
ORCL,2022-12-05,101.86,102.81,100.93,102.41,7895737
ORCL,2022-12-06,102.41,103.11,102.29,103.02,9560538
ORCL,2022-12-07,103.02,103.13,101.62,101.98,7290990
ORCL,2022-12-08,101.98,102.23,100.51,101.0,12845085
ORCL,2022-12-09,101.0,103.19,100.76,103.09,12292714
ORCL,2022-12-12,103.09,104.09,100.73,101.36,10625160
ORCL,2022-12-13,101.36,101.36,100.15,100.26,7556371
ORCL,2022-12-14,100.26,103.0,100.2,102.37,8957189
ORCL,2022-12-15,102.37,103.18,101.98,102.18,7551548
ORCL,2022-12-16,102.18,103.03,102.01,102.84,12550159
ORCL,2022-12-19,102.84,103.61,102.76,102.76,12780363
ORCL,2022-12-20,102.76,103.01,100.63,100.66,11390182
ORCL,2022-12-21,100.66,101.19,99.72,99.74,7654431
ORCL,2022-12-22,99.74,99.87,99.36,99.65,9763183
ORCL,2022-12-23,99.65,100.57,99.65,100.42,12546664
ORCL,2022-12-26,100.42,101.69,99.59,101.68,9118738
ORCL,2022-12-27,101.68,102.03,99.88,100.08,15299685
ORCL,2022-12-28,100.08,100.48,98.53,99.03,6411955
ORCL,2022-12-29,99.03,100.05,98.85,99.78,10480383
ORCL,2022-12-30,99.78,99.84,98.18,98.41,8055814
ORCL,2023-01-02,98.41,99.96,98.03,99.89,13222436
ORCL,2023-01-03,99.89,100.76,98.12,98.55,11236646
ORCL,2023-01-04,98.55,98.84,97.79,98.16,10065057
ORCL,2023-01-05,98.16,98.22,96.87,97.12,5764091
ORCL,2023-01-06,97.12,97.62,95.69,95.75,7207855
ORCL,2023-01-09,95.75,97.87,95.4,97.68,9814342
ORCL,2023-01-10,97.68,97.87,96.15,96.89,14669793
ORCL,2023-01-11,96.89,97.63,96.55,97.04,10496465
ORCL,2023-01-12,97.04,97.19,96.2,96.94,8484122
ORCL,2023-01-13,96.94,99.41,96.49,98.81,11206627
ORCL,2023-01-16,98.81,98.85,97.67,97.92,8899602
ORCL,2023-01-17,97.92,98.98,97.38,98.92,15350908
ORCL,2023-01-18,98.92,98.98,97.66,97.78,9070429
ORCL,2023-01-19,97.78,98.9,97.2,98.66,6951149
ORCL,2023-01-20,98.66,99.05,97.18,97.39,11590029
ORCL,2023-01-23,97.39,97.87,95.92,96.68,10209783
ORCL,2023-01-24,96.68,99.98,95.61,99.33,4582916
ORCL,2023-01-25,99.33,99.48,99.15,99.24,8165029
ORCL,2023-01-26,99.24,99.63,98.71,99.46,8469493
ORCL,2023-01-27,99.46,99.76,98.41,98.58,7779719
ORCL,2023-01-30,98.58,100.15,98.56,99.5,12797726
ORCL,2023-01-31,99.5,100.04,98.19,99.83,5890736
ORCL,2023-02-01,99.83,100.34,97.9,98.03,9988885
ORCL,2023-02-02,98.03,98.24,95.48,95.82,12721823
ORCL,2023-02-03,95.82,96.99,95.39,96.8,11050107
ORCL,2023-02-06,96.8,96.94,93.5,93.7,8464054
ORCL,2023-02-07,93.7,95.21,93.45,94.33,8468494
ORCL,2023-02-08,94.33,96.43,94.11,95.93,13454708
ORCL,2023-02-09,95.93,97.6,95.1,96.72,9399541
ORCL,2023-02-10,96.72,97.38,96.48,96.99,14320490
ORCL,2023-02-13,96.99,97.76,96.66,97.45,6482406
ORCL,2023-02-14,97.45,99.72,97.18,98.69,10220237
ORCL,2023-02-15,98.69,101.97,98.27,100.42,9433591
ORCL,2023-02-16,100.42,100.63,98.39,98.45,11977475
ORCL,2023-02-17,98.45,100.9,98.27,100.36,8071236
ORCL,2023-02-20,100.36,100.64,98.47,98.92,6282493
ORCL,2023-02-21,98.92,99.67,98.33,99.49,8617800
ORCL,2023-02-22,99.49,99.67,98.33,99.04,6245037
ORCL,2023-02-23,99.04,99.54,98.24,98.65,9923548
ORCL,2023-02-24,98.65,100.19,98.65,100.03,14007406
ORCL,2023-02-27,100.03,101.09,98.65,101.04,9914489
ORCL,2023-02-28,101.04,101.5,98.47,98.57,10779393
ORCL,2023-03-01,98.57,101.13,98.18,100.89,11679010
ORCL,2023-03-02,100.89,101.49,100.85,101.07,18035543
ORCL,2023-03-03,101.07,101.54,100.7,101.28,10186260
ORCL,2023-03-06,101.28,101.55,100.75,101.15,9690166
ORCL,2023-03-07,101.15,102.61,100.78,102.32,9726883
ORCL,2023-03-08,102.32,102.68,100.31,102.64,9726646
ORCL,2023-03-09,102.64,102.72,102.09,102.3,9366693
ORCL,2023-03-10,102.3,104.79,102.23,104.67,7603105
ORCL,2023-03-13,104.67,105.21,103.8,103.83,10757123
ORCL,2023-03-14,103.83,103.92,101.29,101.65,8983083
ORCL,2023-03-15,101.65,101.7,99.99,100.1,6582067
ORCL,2023-03-16,100.1,100.59,98.36,98.58,8487211
ORCL,2023-03-17,98.58,99.19,98.01,98.96,6202600
ORCL,2023-03-20,98.96,99.61,98.78,99.55,10961648
ORCL,2023-03-21,99.55,100.29,98.6,98.61,14359039
ORCL,2023-03-22,98.61,98.65,94.62,94.65,10486335
ORCL,2023-03-23,94.65,95.19,93.86,94.22,5562904
ORCL,2023-03-24,94.22,94.29,93.57,93.73,8289568
ORCL,2023-03-27,93.73,94.0,92.06,92.43,11452488
ORCL,2023-03-28,92.43,92.94,89.14,89.38,6818586
ORCL,2023-03-29,89.38,89.54,86.38,86.68,5632148
ORCL,2023-03-30,86.68,87.41,85.05,85.62,16016713
ORCL,2023-03-31,85.62,85.96,85.06,85.5,11053666
ORCL,2023-04-03,85.5,86.23,85.19,85.35,10602024
ORCL,2023-04-04,85.35,85.37,84.88,85.18,9986794
ORCL,2023-04-05,85.18,86.97,84.95,86.09,8712722
ORCL,2023-04-06,86.09,87.38,86.04,86.84,11246005
ORCL,2023-04-07,86.84,87.23,86.6,86.69,13009818
ORCL,2023-04-10,86.69,87.21,85.79,85.93,7277913
ORCL,2023-04-11,85.93,88.13,85.63,88.01,9458086
ORCL,2023-04-12,88.01,88.01,86.01,86.1,6577983
ORCL,2023-04-13,86.1,87.75,85.52,87.6,12373402
ORCL,2023-04-14,87.6,88.27,85.02,85.78,9607791
ORCL,2023-04-17,85.78,86.18,84.85,85.31,4527375
ORCL,2023-04-18,85.31,85.68,85.27,85.4,8383926
ORCL,2023-04-19,85.4,86.17,85.31,85.65,10631885
ORCL,2023-04-20,85.65,87.54,85.4,87.11,15356732
ORCL,2023-04-21,87.11,87.74,86.99,87.41,13695232
ORCL,2023-04-24,87.41,87.51,86.1,86.15,12801797
ORCL,2023-04-25,86.15,86.9,84.99,85.86,13291859
ORCL,2023-04-26,85.86,86.56,85.62,85.77,8787961
ORCL,2023-04-27,85.77,86.75,85.73,85.96,10631270
ORCL,2023-04-28,85.96,86.4,84.38,84.83,7860194
ORCL,2023-05-01,84.83,84.9,82.5,83.64,12063807
ORCL,2023-05-02,83.64,83.99,81.48,81.83,8588308
ORCL,2023-05-03,81.83,82.5,80.89,82.24,14394370
ORCL,2023-05-04,82.24,82.78,79.85,79.94,16013273
ORCL,2023-05-05,79.94,81.25,79.82,81.08,10395743
ORCL,2023-05-08,81.08,81.12,79.1,79.37,5778004
ORCL,2023-05-09,79.37,80.4,79.12,80.21,7779163
ORCL,2023-05-10,80.21,81.82,79.05,81.62,7776270
ORCL,2023-05-11,81.62,81.65,80.44,80.89,8794901
ORCL,2023-05-12,80.89,81.19,80.48,80.53,6178897
ORCL,2023-05-15,80.53,80.74,77.33,78.38,9877682
ORCL,2023-05-16,78.38,78.48,76.47,77.12,7005272
ORCL,2023-05-17,77.12,77.74,76.7,77.74,10200449
ORCL,2023-05-18,77.74,77.78,76.87,77.28,9397258
ORCL,2023-05-19,77.28,79.48,77.13,79.26,9639528
ORCL,2023-05-22,79.26,80.03,78.95,79.86,7346805
ORCL,2023-05-23,79.86,79.96,79.46,79.59,10662235
ORCL,2023-05-24,79.59,79.77,77.17,77.92,10013812
ORCL,2023-05-25,77.92,78.32,77.19,77.7,7883599
ORCL,2023-05-26,77.7,78.62,75.87,75.9,9716112
ORCL,2023-05-29,75.9,76.48,75.2,76.02,11379901
ORCL,2023-05-30,76.02,77.43,75.73,76.38,8171991
ORCL,2023-05-31,76.38,78.12,76.07,77.95,9486157
ORCL,2023-06-01,77.95,79.11,77.81,78.54,15099725
ORCL,2023-06-02,78.54,79.58,77.88,79.23,13322618
ORCL,2023-06-05,79.23,79.5,78.76,78.77,7087600
ORCL,2023-06-06,78.77,79.05,76.69,77.16,11207051
ORCL,2023-06-07,77.16,78.85,77.13,78.67,6315037
ORCL,2023-06-08,78.67,78.79,78.15,78.47,6069727
ORCL,2023-06-09,78.47,78.74,76.28,77.28,11477002
ORCL,2023-06-12,77.28,77.32,76.72,77.19,11758787
ORCL,2023-06-13,77.19,77.69,77.14,77.18,11868972
ORCL,2023-06-14,77.18,79.55,77.12,79.52,13123050
ORCL,2023-06-15,79.52,79.88,78.31,78.69,7327065
ORCL,2023-06-16,78.69,80.28,78.22,79.37,10110437
ORCL,2023-06-19,79.37,82.0,79.05,80.98,8062285
ORCL,2023-06-20,80.98,82.78,80.86,82.23,6915555
ORCL,2023-06-21,82.23,82.33,81.67,82.0,10079569
ORCL,2023-06-22,82.0,82.5,81.21,82.44,6455206
ORCL,2023-06-23,82.44,82.73,81.15,81.77,7112888
ORCL,2023-06-26,81.77,82.39,81.73,82.06,9826287
ORCL,2023-06-27,82.06,82.96,81.97,82.58,9685731
ORCL,2023-06-28,82.58,83.68,82.27,83.26,7055191
ORCL,2023-06-29,83.26,83.47,83.1,83.3,9162745
ORCL,2023-06-30,83.3,85.57,82.61,85.39,6234274
ORCL,2023-07-03,85.39,86.43,85.21,86.28,9504844
ORCL,2023-07-04,86.28,87.82,86.22,87.67,17198348
ORCL,2023-07-05,87.67,89.76,87.4,89.13,15147501
ORCL,2023-07-06,89.13,89.15,88.23,88.33,10697696
ORCL,2023-07-07,88.33,88.78,87.95,88.71,9056042
ORCL,2023-07-10,88.71,89.03,88.01,88.45,10953233
ORCL,2023-07-11,88.45,89.93,88.0,89.78,8493962
ORCL,2023-07-12,89.78,90.04,89.37,89.4,11894301
ORCL,2023-07-13,89.4,93.03,88.8,92.98,9025068
ORCL,2023-07-14,92.98,93.07,90.79,91.95,11648674
ORCL,2023-07-17,91.95,94.5,91.55,93.73,7292075
ORCL,2023-07-18,93.73,93.98,91.44,91.78,8343230
ORCL,2023-07-19,91.78,92.68,91.08,92.43,6466116
ORCL,2023-07-20,92.43,93.16,92.24,92.63,9290698
ORCL,2023-07-21,92.63,93.34,91.63,91.84,10181782
ORCL,2023-07-24,91.84,93.18,91.75,92.57,8734697
ORCL,2023-07-25,92.57,93.11,90.85,91.13,11966810
ORCL,2023-07-26,91.13,91.27,90.61,90.71,11596621
ORCL,2023-07-27,90.71,90.84,90.34,90.67,14236217
ORCL,2023-07-28,90.67,91.18,88.21,88.68,9290262
ORCL,2023-07-31,88.68,89.29,87.76,88.17,10428170
ORCL,2023-08-01,88.17,91.69,87.81,91.66,10760736
ORCL,2023-08-02,91.66,91.84,89.94,90.39,9280241
ORCL,2023-08-03,90.39,90.67,89.51,89.78,8159467
ORCL,2023-08-04,89.78,90.52,88.79,88.83,9655783
ORCL,2023-08-07,88.83,89.13,87.54,87.77,9710531
ORCL,2023-08-08,87.77,87.95,87.41,87.87,10794468
ORCL,2023-08-09,87.87,87.93,87.27,87.7,8886241
ORCL,2023-08-10,87.7,87.92,86.77,86.82,8420971
ORCL,2023-08-11,86.82,87.07,86.68,86.8,6365374
ORCL,2023-08-14,86.8,87.15,86.22,86.29,8616344
ORCL,2023-08-15,86.29,86.44,85.58,85.74,13736440
ORCL,2023-08-16,85.74,85.79,83.65,84.39,7444850
ORCL,2023-08-17,84.39,84.75,84.29,84.61,10961739
ORCL,2023-08-18,84.61,85.32,83.86,84.05,12315289
ORCL,2023-08-21,84.05,84.24,83.6,83.96,6189033
ORCL,2023-08-22,83.96,84.09,82.54,83.03,8394954
ORCL,2023-08-23,83.03,83.43,82.92,83.12,12428132
ORCL,2023-08-24,83.12,84.29,82.88,83.84,9795775
ORCL,2023-08-25,83.84,83.9,80.87,81.14,6251697
ORCL,2023-08-28,81.14,81.24,81.03,81.13,10908535
ORCL,2023-08-29,81.13,81.2,78.99,79.57,7811288
ORCL,2023-08-30,79.57,79.83,77.02,77.85,9832693
ORCL,2023-08-31,77.85,77.99,77.68,77.75,9577523
ORCL,2023-09-01,77.75,77.95,77.33,77.61,10850638
ORCL,2023-09-04,77.61,77.86,77.08,77.73,8747751
ORCL,2023-09-05,77.73,78.0,77.51,77.82,13641026
ORCL,2023-09-06,77.82,78.17,77.06,77.32,6576307
ORCL,2023-09-07,77.32,77.34,76.12,76.48,11970198
ORCL,2023-09-08,76.48,76.82,75.01,75.54,11333019
ORCL,2023-09-11,75.54,76.3,75.52,75.58,8975900
ORCL,2023-09-12,75.58,76.01,74.25,74.3,8219504
ORCL,2023-09-13,74.3,76.18,74.3,75.76,13687134
ORCL,2023-09-14,75.76,76.17,73.5,73.92,5250927
ORCL,2023-09-15,73.92,73.93,72.32,72.42,7999016
ORCL,2023-09-18,72.42,72.72,70.24,70.58,6066627
ORCL,2023-09-19,70.58,70.86,68.92,68.98,11943852
ORCL,2023-09-20,68.98,70.43,68.81,69.85,12356879
ORCL,2023-09-21,69.85,71.18,69.72,71.04,9540520
ORCL,2023-09-22,71.04,71.42,69.59,69.74,12056086
ORCL,2023-09-25,69.74,70.23,69.52,69.99,12134439
ORCL,2023-09-26,69.99,71.3,69.79,71.03,9225945
ORCL,2023-09-27,71.03,72.18,70.99,72.13,2951656
ORCL,2023-09-28,72.13,72.56,71.57,71.79,3295068
ORCL,2023-09-29,71.79,72.2,71.04,71.25,13167906
ORCL,2023-10-02,71.25,71.48,70.84,70.93,13050011
ORCL,2023-10-03,70.93,71.53,70.17,71.44,12305889
ORCL,2023-10-04,71.44,71.74,70.24,71.0,9184157
ORCL,2023-10-05,71.0,71.2,69.8,70.11,9041561
ORCL,2023-10-06,70.11,70.2,69.62,69.81,4432900
ORCL,2023-10-09,69.81,71.04,69.77,70.75,9537053
ORCL,2023-10-10,70.75,70.81,69.95,70.0,13431793
ORCL,2023-10-11,70.0,70.54,68.87,69.21,15891097
ORCL,2023-10-12,69.21,69.28,68.47,68.68,9943111
ORCL,2023-10-13,68.68,70.42,68.45,70.22,13413835
ORCL,2023-10-16,70.22,70.71,69.48,69.77,10616447
ORCL,2023-10-17,69.77,70.32,68.53,69.39,6883878
ORCL,2023-10-18,69.39,71.86,68.76,71.2,12892158
ORCL,2023-10-19,71.2,71.97,71.0,71.68,8723076
ORCL,2023-10-20,71.68,71.96,71.66,71.85,10369810
ORCL,2023-10-23,71.85,73.51,71.68,73.32,13029498
ORCL,2023-10-24,73.32,73.91,72.9,73.85,12383782
ORCL,2023-10-25,73.85,74.77,73.21,74.69,11750881
ORCL,2023-10-26,74.69,74.86,73.52,73.57,6276791
ORCL,2023-10-27,73.57,73.84,73.13,73.78,7079269
ORCL,2023-10-30,73.78,74.98,73.55,74.51,12537727
ORCL,2023-10-31,74.51,76.19,74.24,75.92,9606744
ORCL,2023-11-01,75.92,76.19,75.01,75.35,9661438
ORCL,2023-11-02,75.35,75.51,74.22,74.3,6533734
ORCL,2023-11-03,74.3,76.15,74.21,74.89,10353232
ORCL,2023-11-06,74.89,74.91,72.46,72.54,8993843
ORCL,2023-11-07,72.54,74.69,72.42,74.32,16177441
ORCL,2023-11-08,74.32,75.01,71.45,71.93,6983178
ORCL,2023-11-09,71.93,72.16,70.48,70.69,6146955
ORCL,2023-11-10,70.69,70.76,69.27,69.4,9891823
ORCL,2023-11-13,69.4,70.13,69.26,70.12,11246744
ORCL,2023-11-14,70.12,70.42,68.74,68.8,7524699
ORCL,2023-11-15,68.8,68.91,67.93,68.3,9173888
ORCL,2023-11-16,68.3,69.67,68.05,69.4,4510331
ORCL,2023-11-17,69.4,70.38,69.32,70.35,10661683
ORCL,2023-11-20,70.35,70.53,70.25,70.3,7310422
ORCL,2023-11-21,70.3,70.83,70.06,70.09,12413120
ORCL,2023-11-22,70.09,70.41,69.14,69.17,12071755
ORCL,2023-11-23,69.17,70.68,68.76,70.51,10168027
ORCL,2023-11-24,70.51,71.14,70.37,71.02,10190006
ORCL,2023-11-27,71.02,72.35,70.31,72.07,9995406
ORCL,2023-11-28,72.07,73.79,71.82,73.58,12624036
ORCL,2023-11-29,73.58,74.08,72.45,72.88,10140183
ORCL,2023-11-30,72.88,73.0,72.62,72.97,10483198
ORCL,2023-12-01,72.97,73.55,71.19,71.91,7654463
ORCL,2023-12-04,71.91,73.49,71.86,73.04,9998245
ORCL,2023-12-05,73.04,75.38,72.94,75.1,5657788
ORCL,2023-12-06,75.1,75.53,72.18,72.69,10857865
ORCL,2023-12-07,72.69,72.86,72.54,72.6,9085394
ORCL,2023-12-08,72.6,73.12,72.36,72.51,16124027
ORCL,2023-12-11,72.51,72.79,70.29,70.5,8279045
ORCL,2023-12-12,70.5,70.96,69.82,70.21,8866116
ORCL,2023-12-13,70.21,71.99,69.86,71.72,8421670
ORCL,2023-12-14,71.72,71.85,70.61,71.39,6534753
ORCL,2023-12-15,71.39,71.44,70.06,70.37,9967946
ORCL,2023-12-18,70.37,71.5,70.21,71.13,13170048
ORCL,2023-12-19,71.13,71.33,70.67,70.85,11677427
ORCL,2023-12-20,70.85,73.11,69.92,72.24,7882590
ORCL,2023-12-21,72.24,73.14,72.05,72.33,3441403
ORCL,2023-12-22,72.33,74.28,72.12,73.42,6117080
ORCL,2023-12-25,73.42,73.54,72.96,73.17,12578799
ORCL,2023-12-26,73.17,75.72,72.75,75.59,8630600
ORCL,2023-12-27,75.59,77.84,74.84,77.82,9614181
ORCL,2023-12-28,77.82,78.25,75.78,76.15,7017154
ORCL,2023-12-29,76.15,78.63,75.74,78.51,9811242
ORCL,2024-01-01,78.51,78.57,76.62,77.05,4190442
ORCL,2024-01-02,77.05,78.65,76.65,78.47,7088127
ORCL,2024-01-03,78.47,78.83,76.69,77.51,11665874
ORCL,2024-01-04,77.51,78.07,75.94,76.53,5186697
ORCL,2024-01-05,76.53,77.04,76.49,76.79,10535851
ORCL,2024-01-08,76.79,77.6,75.95,77.3,1806954
ORCL,2024-01-09,77.3,77.92,76.6,77.09,10282759
ORCL,2024-01-10,77.09,77.68,76.84,77.31,14878862
ORCL,2024-01-11,77.31,77.82,76.34,77.03,9528579
ORCL,2024-01-12,77.03,77.9,76.9,77.47,13223258
ORCL,2024-01-15,77.47,77.55,75.3,75.73,13687585
ORCL,2024-01-16,75.73,75.75,74.13,74.77,13212029
ORCL,2024-01-17,74.77,75.77,72.41,72.6,10185755
ORCL,2024-01-18,72.6,73.07,71.29,71.43,9319375
ORCL,2024-01-19,71.43,72.33,71.28,71.87,7548080
ORCL,2024-01-22,71.87,72.55,70.73,71.05,6959485
ORCL,2024-01-23,71.05,72.02,70.71,71.6,5712299
ORCL,2024-01-24,71.6,72.15,71.4,72.12,9465704
ORCL,2024-01-25,72.12,72.89,71.92,72.84,3056474
ORCL,2024-01-26,72.84,73.1,71.97,72.39,10153240
ORCL,2024-01-29,72.39,73.55,72.29,73.26,13465687
ORCL,2024-01-30,73.26,73.54,72.85,72.89,9577866
ORCL,2024-01-31,72.89,74.24,72.36,73.41,7089263
ORCL,2024-02-01,73.41,74.41,73.38,74.16,7028941
ORCL,2024-02-02,74.16,74.64,72.78,73.37,12106024
ORCL,2024-02-05,73.37,73.66,72.49,73.03,9859761
ORCL,2024-02-06,73.03,73.2,72.38,72.64,11700948
ORCL,2024-02-07,72.64,72.81,72.45,72.55,11561506
ORCL,2024-02-08,72.55,72.7,72.06,72.35,8122414
ORCL,2024-02-09,72.35,72.93,72.04,72.59,6565804
ORCL,2024-02-12,72.59,72.92,71.77,72.03,7211281
ORCL,2024-02-13,72.03,72.44,72.02,72.26,8715899
ORCL,2024-02-14,72.26,73.66,72.26,73.57,11361838
ORCL,2024-02-15,73.57,74.0,72.02,72.15,6010323
ORCL,2024-02-16,72.15,73.85,71.99,73.34,11208371
ORCL,2024-02-19,73.34,74.85,73.02,74.63,7657519
ORCL,2024-02-20,74.63,76.04,74.31,75.6,7538259
ORCL,2024-02-21,75.6,77.12,74.51,76.91,8551933
ORCL,2024-02-22,76.91,77.84,76.48,77.11,12788992
ORCL,2024-02-23,77.11,78.18,76.9,77.76,6779676
ORCL,2024-02-26,77.76,78.85,77.75,78.68,16149635
ORCL,2024-02-27,78.68,80.39,78.16,80.23,8610921
ORCL,2024-02-28,80.23,81.05,79.58,79.81,8123275
ORCL,2024-02-29,79.81,83.08,79.32,82.65,6922925
ORCL,2024-03-01,82.65,83.82,82.6,83.32,8778219
ORCL,2024-03-04,83.32,84.08,83.08,83.45,9581005
ORCL,2024-03-05,83.45,83.57,81.87,82.05,11110420
ORCL,2024-03-06,82.05,82.41,80.28,80.47,10153179
ORCL,2024-03-07,80.47,81.97,79.87,81.44,8351508
ORCL,2024-03-08,81.44,82.11,80.53,81.18,8936422
ORCL,2024-03-11,81.18,81.26,80.08,80.62,5360224
ORCL,2024-03-12,80.62,80.73,80.09,80.63,8992925
ORCL,2024-03-13,80.63,81.77,80.51,81.17,10643251
ORCL,2024-03-14,81.17,82.69,80.89,82.43,9530009
ORCL,2024-03-15,82.43,82.83,81.72,82.2,6007703
ORCL,2024-03-18,82.2,82.57,81.83,82.29,16142148
ORCL,2024-03-19,82.29,83.34,81.91,83.15,6832709
ORCL,2024-03-20,83.15,84.02,82.64,83.56,12938200
ORCL,2024-03-21,83.56,83.57,83.5,83.51,15967337
ORCL,2024-03-22,83.51,85.08,82.89,84.59,11290918
ORCL,2024-03-25,84.59,86.69,84.38,86.28,2688529
ORCL,2024-03-26,86.28,86.85,85.74,85.84,9495538
ORCL,2024-03-27,85.84,86.23,84.84,85.72,14372880
ORCL,2024-03-28,85.72,85.97,85.47,85.87,9433395
ORCL,2024-03-29,85.87,86.09,83.81,84.14,9870670
ORCL,2024-04-01,84.14,84.74,82.87,83.53,10715890
ORCL,2024-04-02,83.53,83.89,81.28,81.53,13295892
ORCL,2024-04-03,81.53,82.44,81.09,81.31,10132204
ORCL,2024-04-04,81.31,81.5,79.71,79.76,16519710
ORCL,2024-04-05,79.76,82.93,79.41,82.83,17217414
ORCL,2024-04-08,82.83,86.06,81.9,85.02,6213388
ORCL,2024-04-09,85.02,85.66,83.37,83.58,11768029
ORCL,2024-04-10,83.58,84.31,83.39,84.25,9845425
ORCL,2024-04-11,84.25,85.19,83.76,85.14,12097645
ORCL,2024-04-12,85.14,85.17,83.35,83.54,8936328
ORCL,2024-04-15,83.54,84.83,82.8,84.43,14370208
ORCL,2024-04-16,84.43,86.88,84.03,86.69,6213946
ORCL,2024-04-17,86.69,87.51,86.37,86.98,5275093
ORCL,2024-04-18,86.98,88.18,86.33,87.48,10952343
ORCL,2024-04-19,87.48,87.59,86.82,86.88,12242438
ORCL,2024-04-22,86.88,88.35,86.49,87.91,11413514
ORCL,2024-04-23,87.91,88.86,87.88,88.68,9821485
ORCL,2024-04-24,88.68,89.24,88.51,88.78,7000352
ORCL,2024-04-25,88.78,89.34,87.94,88.11,11850335
ORCL,2024-04-26,88.11,88.67,87.98,88.54,11726137
ORCL,2024-04-29,88.54,89.01,87.75,88.11,9246744
ORCL,2024-04-30,88.11,88.26,86.29,86.92,8324479
ORCL,2024-05-01,86.92,89.76,85.57,89.41,6805402
ORCL,2024-05-02,89.41,89.68,87.35,87.36,11570350
ORCL,2024-05-03,87.36,89.97,86.6,88.81,8275643
ORCL,2024-05-06,88.81,89.12,87.87,88.6,13671452
ORCL,2024-05-07,88.6,89.86,88.12,89.52,9165625
ORCL,2024-05-08,89.52,91.34,88.83,90.99,5684228
ORCL,2024-05-09,90.99,91.71,90.8,91.28,6662773
ORCL,2024-05-10,91.28,91.3,89.76,90.02,8406468
ORCL,2024-05-13,90.02,90.12,88.44,89.05,13938517
ORCL,2024-05-14,89.05,89.24,87.27,87.69,7364004
ORCL,2024-05-15,87.69,90.84,87.38,90.46,11560731
ORCL,2024-05-16,90.46,92.14,90.22,91.55,12162408
ORCL,2024-05-17,91.55,92.25,90.76,91.4,10638972
ORCL,2024-05-20,91.4,91.6,90.03,90.18,12141635
ORCL,2024-05-21,90.18,90.43,88.88,89.81,10486987
ORCL,2024-05-22,89.81,91.51,89.76,91.3,13175237
ORCL,2024-05-23,91.3,93.2,91.23,92.61,10997922
ORCL,2024-05-24,92.61,92.64,91.55,91.9,13755212
ORCL,2024-05-27,91.9,93.57,91.76,93.04,11697859
ORCL,2024-05-28,93.04,94.08,92.4,93.63,12943824
ORCL,2024-05-29,93.63,95.9,93.12,95.29,12995327
ORCL,2024-05-30,95.29,96.8,95.2,96.52,14057358
ORCL,2024-05-31,96.52,98.09,96.17,98.0,6387506
ORCL,2024-06-03,98.0,98.2,97.48,98.03,4412843
ORCL,2024-06-04,98.03,98.53,97.11,97.98,12783657
ORCL,2024-06-05,97.98,98.32,97.16,97.9,9487743
ORCL,2024-06-06,97.9,97.97,96.29,96.64,8288475
ORCL,2024-06-07,96.64,96.82,94.88,95.35,13667017
ORCL,2024-06-10,95.35,95.87,93.16,93.21,14023669
ORCL,2024-06-11,93.21,94.29,92.43,93.78,7934157
ORCL,2024-06-12,93.78,96.76,93.45,96.54,8650637
ORCL,2024-06-13,96.54,99.62,95.73,98.7,8612567
ORCL,2024-06-14,98.7,99.51,97.98,99.35,9315371
ORCL,2024-06-17,99.35,100.29,99.04,99.72,8055596
ORCL,2024-06-18,99.72,99.84,96.75,97.27,11861679
ORCL,2024-06-19,97.27,97.33,96.88,96.91,13550810
ORCL,2024-06-20,96.91,100.2,96.77,99.6,12734556
ORCL,2024-06-21,99.6,100.29,99.05,100.14,12889194
ORCL,2024-06-24,100.14,100.35,100.08,100.23,10243707
ORCL,2024-06-25,100.23,100.26,99.21,99.56,7075132
ORCL,2024-06-26,99.56,100.28,96.82,97.45,13520114
ORCL,2024-06-27,97.45,98.04,97.28,97.79,15239300
ORCL,2024-06-28,97.79,100.81,97.31,100.49,6024367
ORCL,2024-07-01,100.49,101.06,99.8,100.16,8452737
ORCL,2024-07-02,100.16,101.09,98.01,98.41,11178290
ORCL,2024-07-03,98.41,98.42,97.71,98.1,9570369
ORCL,2024-07-04,98.1,99.78,97.72,98.64,9569254
ORCL,2024-07-05,98.64,98.84,97.62,98.38,10119968
ORCL,2024-07-08,98.38,98.69,94.71,95.18,10075804
ORCL,2024-07-09,95.18,97.25,94.53,96.93,7764333
ORCL,2024-07-10,96.93,97.31,96.01,96.52,8353646
ORCL,2024-07-11,96.52,100.32,96.13,99.95,10686330
ORCL,2024-07-12,99.95,100.89,99.12,99.57,10934126
ORCL,2024-07-15,99.57,101.73,99.44,101.23,10207190
ORCL,2024-07-16,101.23,102.12,100.8,100.83,8250477
ORCL,2024-07-17,100.83,101.0,98.96,99.28,5158039
ORCL,2024-07-18,99.28,103.77,98.86,103.16,12704785
ORCL,2024-07-19,103.16,103.8,103.05,103.67,11636081
ORCL,2024-07-22,103.67,105.52,102.99,104.17,8855737
ORCL,2024-07-23,104.17,105.22,101.92,102.17,7685597
ORCL,2024-07-24,102.17,103.25,102.16,102.88,7695983
ORCL,2024-07-25,102.88,104.74,102.44,104.67,8143681
ORCL,2024-07-26,104.67,105.69,104.19,105.57,11284945
ORCL,2024-07-29,105.57,106.1,105.36,105.86,9338387
ORCL,2024-07-30,105.86,105.98,104.34,105.07,6327799
ORCL,2024-07-31,105.07,109.06,104.31,108.16,10131080
ORCL,2024-08-01,108.16,109.19,107.42,107.95,9742347
ORCL,2024-08-02,107.95,108.81,107.78,108.2,15004745
ORCL,2024-08-05,108.2,110.06,107.12,109.62,11246424
ORCL,2024-08-06,109.62,109.79,108.54,108.96,8597560
ORCL,2024-08-07,108.96,109.82,107.05,107.38,8802662
ORCL,2024-08-08,107.38,107.56,106.76,107.47,7202104
ORCL,2024-08-09,107.47,110.34,107.17,109.94,10834092
ORCL,2024-08-12,109.94,110.08,107.88,109.35,8909206
ORCL,2024-08-13,109.35,110.05,109.22,109.96,12952663
ORCL,2024-08-14,109.96,113.46,109.71,112.5,12009414
ORCL,2024-08-15,112.5,112.74,110.85,111.31,12848317
ORCL,2024-08-16,111.31,111.78,110.84,111.53,13537290
ORCL,2024-08-19,111.53,113.37,111.2,112.83,8409058
ORCL,2024-08-20,112.83,112.86,111.8,112.33,12033886
ORCL,2024-08-21,112.33,112.44,111.05,111.18,5861432
ORCL,2024-08-22,111.18,112.66,111.11,111.86,5792992
ORCL,2024-08-23,111.86,113.4,111.77,113.38,13996670
ORCL,2024-08-26,113.38,113.6,112.78,112.99,10806511
ORCL,2024-08-27,112.99,117.98,112.02,117.55,11748184
ORCL,2024-08-28,117.55,117.77,114.68,115.24,8186648
ORCL,2024-08-29,115.24,117.6,114.52,117.34,9222744
ORCL,2024-08-30,117.34,118.05,114.94,115.5,8450052
ORCL,2024-09-02,115.5,116.0,112.34,112.85,7431838
ORCL,2024-09-03,112.85,113.17,112.7,112.82,12845968
ORCL,2024-09-04,112.82,114.42,112.13,114.25,9911925
ORCL,2024-09-05,114.25,114.75,113.52,113.67,11650558
ORCL,2024-09-06,113.67,113.91,111.98,112.2,13372189
ORCL,2024-09-09,112.2,113.76,112.13,113.33,7050756
ORCL,2024-09-10,113.33,115.21,112.94,115.21,10190223
ORCL,2024-09-11,115.21,115.31,112.35,113.67,13190160
ORCL,2024-09-12,113.67,114.21,111.09,111.28,8193334
ORCL,2024-09-13,111.28,111.31,110.19,110.78,7478594
ORCL,2024-09-16,110.78,112.72,110.12,111.94,7134993
ORCL,2024-09-17,111.94,112.18,111.36,111.52,5707410
ORCL,2024-09-18,111.52,111.57,109.45,109.89,12777115
ORCL,2024-09-19,109.89,110.35,108.12,108.3,8516758
ORCL,2024-09-20,108.3,109.25,107.51,108.47,12388073
ORCL,2024-09-23,108.47,109.59,107.96,109.51,7710387
ORCL,2024-09-24,109.51,110.52,109.05,109.83,12848046
ORCL,2024-09-25,109.83,111.26,109.71,111.04,5179928
ORCL,2024-09-26,111.04,111.17,109.79,110.34,11151726
ORCL,2024-09-27,110.34,112.24,109.49,111.42,6382517
ORCL,2024-09-30,111.42,112.91,110.81,112.7,9649099
ORCL,2024-10-01,112.7,113.05,111.09,111.2,10683273
ORCL,2024-10-02,111.2,111.76,110.75,110.92,7880299
ORCL,2024-10-03,110.92,112.47,110.77,111.7,11402826
ORCL,2024-10-04,111.7,111.92,111.14,111.74,10056907
ORCL,2024-10-07,111.74,111.87,110.59,110.9,12421273
ORCL,2024-10-08,110.9,112.3,109.77,109.89,3663638
ORCL,2024-10-09,109.89,111.31,109.6,111.25,12331562
ORCL,2024-10-10,111.25,115.73,111.23,115.58,10995080
ORCL,2024-10-11,115.58,116.19,115.48,115.69,11287230
ORCL,2024-10-14,115.69,116.03,113.84,115.1,5377234
ORCL,2024-10-15,115.1,118.16,114.8,118.0,10552031
ORCL,2024-10-16,118.0,119.99,117.86,118.89,6496620
ORCL,2024-10-17,118.89,118.89,115.97,116.62,8577489
ORCL,2024-10-18,116.62,119.02,116.61,118.62,9345548
ORCL,2024-10-21,118.62,118.68,116.45,117.88,10687103
ORCL,2024-10-22,117.88,118.6,117.66,117.9,7902141
ORCL,2024-10-23,117.9,117.92,115.13,115.69,12321894
ORCL,2024-10-24,115.69,118.09,115.02,117.31,6588096
ORCL,2024-10-25,117.31,118.68,117.18,118.37,10173486
ORCL,2024-10-28,118.37,120.22,118.0,119.28,9208207
ORCL,2024-10-29,119.28,119.62,117.02,117.4,11645884
ORCL,2024-10-30,117.4,118.09,115.73,115.74,12623181
ORCL,2024-10-31,115.74,115.86,113.85,114.17,8597683
ORCL,2024-11-01,114.17,114.99,113.76,114.32,13346478
ORCL,2024-11-04,114.32,115.68,111.88,111.94,4111718
ORCL,2024-11-05,111.94,114.72,111.33,114.29,12013063
ORCL,2024-11-06,114.29,117.47,113.39,117.1,8192269
ORCL,2024-11-07,117.1,117.92,117.02,117.73,11495915
ORCL,2024-11-08,117.73,120.09,117.11,119.85,4486277
ORCL,2024-11-11,119.85,119.86,119.27,119.33,5117617
ORCL,2024-11-12,119.33,119.42,117.29,117.85,7480263
ORCL,2024-11-13,117.85,118.55,117.64,118.16,12913330
ORCL,2024-11-14,118.16,120.37,117.56,119.67,11288397
ORCL,2024-11-15,119.67,122.18,118.76,121.97,6017098
ORCL,2024-11-18,121.97,127.81,121.02,126.85,6575997
ORCL,2024-11-19,126.85,127.97,124.29,125.42,5114257
ORCL,2024-11-20,125.42,125.44,124.12,124.75,9397842
ORCL,2024-11-21,124.75,125.53,122.95,123.96,12866684
ORCL,2024-11-22,123.96,126.13,123.71,125.73,2455958
ORCL,2024-11-25,125.73,125.76,124.06,124.59,5783163
ORCL,2024-11-26,124.59,127.85,124.2,126.96,6640080
ORCL,2024-11-27,126.96,127.45,125.9,126.41,4128310
ORCL,2024-11-28,126.41,126.42,123.8,124.66,10112605
ORCL,2024-11-29,124.66,130.34,124.38,128.37,11306121
ORCL,2024-12-02,128.37,128.76,125.34,125.46,8458545
ORCL,2024-12-03,125.46,127.19,125.16,127.15,7706498
ORCL,2024-12-04,127.15,131.25,126.69,130.63,7605460
ORCL,2024-12-05,130.63,131.56,129.65,130.94,8278781
ORCL,2024-12-06,130.94,133.8,130.81,133.33,12529735
ORCL,2024-12-09,133.33,137.45,133.19,137.3,6071504
ORCL,2024-12-10,137.3,137.81,137.17,137.63,9162206
ORCL,2024-12-11,137.63,138.13,135.71,136.39,10999962
ORCL,2024-12-12,136.39,136.72,134.7,135.56,11097057
ORCL,2024-12-13,135.56,137.68,135.09,137.26,11616675
ORCL,2024-12-16,137.26,137.82,134.42,135.34,3908955
ORCL,2024-12-17,135.34,136.16,134.58,135.1,6248722
ORCL,2024-12-18,135.1,136.15,133.56,134.15,4674519
ORCL,2024-12-19,134.15,134.33,132.61,133.17,100000
ORCL,2024-12-20,133.17,136.62,132.68,136.27,8563436
ORCL,2024-12-23,136.27,138.92,135.98,138.49,10038561
ORCL,2024-12-24,138.49,139.03,137.36,137.74,11101456
ORCL,2024-12-25,137.74,139.63,137.38,138.15,8068822
ORCL,2024-12-26,138.15,138.24,137.15,137.29,7742161
ORCL,2024-12-27,137.29,137.38,136.55,136.79,12330250
ORCL,2024-12-30,136.79,139.26,135.83,138.68,6090210
ORCL,2024-12-31,138.68,142.6,137.22,141.84,10101741
ORCL,2025-01-01,141.84,141.92,135.61,136.41,8250619
ORCL,2025-01-02,136.41,137.47,134.45,135.57,16378657
ORCL,2025-01-03,135.57,135.83,134.74,134.84,9470172
ORCL,2025-01-06,134.84,138.47,133.41,138.31,9666016
ORCL,2025-01-07,138.31,143.98,138.17,143.03,9397072
ORCL,2025-01-08,143.03,147.04,142.59,147.03,9542278
ORCL,2025-01-09,147.03,147.14,145.2,146.06,16376070
ORCL,2025-01-10,146.06,146.25,144.0,144.17,6769192
ORCL,2025-01-13,144.17,144.23,141.36,141.8,15593678
ORCL,2025-01-14,141.8,141.96,141.12,141.62,12950504
ORCL,2025-01-15,141.62,141.73,138.92,139.7,9934390
ORCL,2025-01-16,139.7,139.87,139.02,139.64,7919926
ORCL,2025-01-17,139.64,140.36,137.74,139.44,6953982
ORCL,2025-01-20,139.44,139.53,138.64,139.27,10620512
ORCL,2025-01-21,139.27,141.71,138.82,141.29,6446134
ORCL,2025-01-22,141.29,142.5,141.06,141.15,7119750
ORCL,2025-01-23,141.15,141.71,139.34,139.91,10145385
ORCL,2025-01-24,139.91,139.97,136.48,136.83,9633321
ORCL,2025-01-27,136.83,137.74,136.04,136.34,9687304
ORCL,2025-01-28,136.34,136.84,134.9,135.51,7508671
ORCL,2025-01-29,135.51,135.54,132.71,133.73,7228054
ORCL,2025-01-30,133.73,134.31,130.68,132.95,6353481
ORCL,2025-01-31,132.95,133.24,132.25,132.88,12885501
ORCL,2025-02-03,132.88,133.62,131.54,131.77,13176239
ORCL,2025-02-04,131.77,132.15,128.11,129.5,9386654
ORCL,2025-02-05,129.5,133.21,128.89,132.53,5591819
ORCL,2025-02-06,132.53,137.67,132.11,136.79,8996082
ORCL,2025-02-07,136.79,143.08,135.58,142.44,6033189
ORCL,2025-02-10,142.44,144.4,142.06,143.28,9858629
ORCL,2025-02-11,143.28,143.35,143.06,143.12,11495676
ORCL,2025-02-12,143.12,144.25,142.99,143.11,11537338
ORCL,2025-02-13,143.11,143.9,141.22,141.99,10947817
ORCL,2025-02-14,141.99,147.83,140.32,146.92,8636908
ORCL,2025-02-17,146.92,147.49,145.91,146.65,4177331
ORCL,2025-02-18,146.65,148.98,145.94,147.42,10888016
ORCL,2025-02-19,147.42,147.57,145.6,146.16,14108380
ORCL,2025-02-20,146.16,147.6,145.97,147.28,7464663
ORCL,2025-02-21,147.28,148.33,146.11,146.67,10518326
ORCL,2025-02-24,146.67,151.4,145.45,150.3,14525363
ORCL,2025-02-25,150.3,151.1,150.23,151.0,11328310
ORCL,2025-02-26,151.0,153.47,150.21,152.23,9503776
ORCL,2025-02-27,152.23,153.06,151.41,152.43,7597886
ORCL,2025-02-28,152.43,154.36,150.41,150.69,5161950
ORCL,2025-03-03,150.69,150.88,148.06,148.12,6271109
ORCL,2025-03-04,148.12,149.85,146.95,149.21,11660628
ORCL,2025-03-05,149.21,149.82,146.18,146.5,11632501
ORCL,2025-03-06,146.5,148.58,145.85,148.35,8063200
ORCL,2025-03-07,148.35,149.51,146.93,148.22,9347182
ORCL,2025-03-10,148.22,148.3,144.16,144.97,10413523
ORCL,2025-03-11,144.97,146.86,144.85,146.55,6841505
ORCL,2025-03-12,146.55,147.33,144.23,144.47,8418406
ORCL,2025-03-13,144.47,146.1,143.6,145.2,9231736
ORCL,2025-03-14,145.2,145.54,144.21,144.22,13006805
ORCL,2025-03-17,144.22,151.7,143.1,151.47,7031169
ORCL,2025-03-18,151.47,151.72,150.37,150.75,6546247
ORCL,2025-03-19,150.75,154.91,149.57,154.19,7505607
ORCL,2025-03-20,154.19,155.35,150.92,151.06,11674851
ORCL,2025-03-21,151.06,155.08,150.88,155.05,10180960
ORCL,2025-03-24,155.05,157.3,154.32,157.29,8472577
ORCL,2025-03-25,157.29,158.79,156.61,158.72,12094638
ORCL,2025-03-26,158.72,160.15,156.55,156.7,12327490
ORCL,2025-03-27,156.7,158.09,154.16,154.22,7294763
ORCL,2025-03-28,154.22,155.47,153.9,155.29,6558173
ORCL,2025-03-31,155.29,155.34,152.64,153.99,4537499
ORCL,2025-04-01,153.99,156.0,152.97,154.97,11331070
ORCL,2025-04-02,154.97,156.7,153.75,153.77,9876330
ORCL,2025-04-03,153.77,156.08,153.11,154.82,4994552
ORCL,2025-04-04,154.82,155.32,154.58,154.61,5694051
ORCL,2025-04-07,154.61,155.19,153.66,154.44,11804079
ORCL,2025-04-08,154.44,155.04,152.81,153.1,6179232
ORCL,2025-04-09,153.1,154.52,152.58,154.15,8339889
ORCL,2025-04-10,154.15,154.17,151.5,152.13,7466815
ORCL,2025-04-11,152.13,153.21,150.5,151.59,6682108
ORCL,2025-04-14,151.59,152.31,150.91,151.43,11002162
ORCL,2025-04-15,151.43,151.76,147.33,148.17,11350537
ORCL,2025-04-16,148.17,149.26,148.14,148.44,8266952
ORCL,2025-04-17,148.44,149.2,146.27,146.91,8067675
ORCL,2025-04-18,146.91,151.74,146.58,151.36,10649555
ORCL,2025-04-21,151.36,152.32,150.56,150.97,10034632
ORCL,2025-04-22,150.97,151.6,149.45,150.87,10219123
ORCL,2025-04-23,150.87,151.58,148.71,148.73,14362279
ORCL,2025-04-24,148.73,152.3,147.98,152.02,12387707
ORCL,2025-04-25,152.02,158.0,151.67,156.39,12750663
ORCL,2025-04-28,156.39,157.3,154.67,155.06,10740623
ORCL,2025-04-29,155.06,156.29,151.3,151.73,11014647
ORCL,2025-04-30,151.73,151.89,151.63,151.74,7193972
ORCL,2025-05-01,151.74,151.9,147.03,147.61,9452840
ORCL,2025-05-02,147.61,150.36,147.23,149.71,12635032
ORCL,2025-05-05,149.71,151.05,149.68,150.86,15707309
ORCL,2025-05-06,150.86,152.85,149.4,151.32,9077041
ORCL,2025-05-07,151.32,152.97,148.04,148.64,13518740
ORCL,2025-05-08,148.64,149.7,148.1,149.4,14092490
ORCL,2025-05-09,149.4,150.68,146.53,147.34,9694556
ORCL,2025-05-12,147.34,148.45,147.25,147.35,12827999
ORCL,2025-05-13,147.35,147.84,145.93,147.03,11723339
ORCL,2025-05-14,147.03,148.23,145.04,145.68,8458105
ORCL,2025-05-15,145.68,145.88,142.36,143.0,2117425
ORCL,2025-05-16,143.0,143.52,140.99,141.28,8509823
ORCL,2025-05-19,141.28,141.77,137.54,138.93,10748489
ORCL,2025-05-20,138.93,141.06,138.84,140.5,11523084
ORCL,2025-05-21,140.5,141.0,139.55,140.02,1151586
ORCL,2025-05-22,140.02,141.05,137.7,139.63,11942652
ORCL,2025-05-23,139.63,139.81,136.34,137.21,13835982
ORCL,2025-05-26,137.21,137.37,134.19,135.22,12833302
ORCL,2025-05-27,135.22,137.26,133.68,137.22,7237764
ORCL,2025-05-28,137.22,137.92,136.49,137.45,14794278
ORCL,2025-05-29,137.45,138.16,136.61,136.76,8477282
ORCL,2025-05-30,136.76,137.04,135.92,136.0,7168395
ORCL,2025-06-02,136.0,136.0,134.57,135.35,10335258
ORCL,2025-06-03,135.35,140.87,134.81,140.54,13322419
ORCL,2025-06-04,140.54,141.2,140.04,140.84,15544560
ORCL,2025-06-05,140.84,143.07,140.31,142.55,11416438
ORCL,2025-06-06,142.55,144.96,142.4,144.3,6396340
ORCL,2025-06-09,144.3,145.02,143.47,144.38,8092222
ORCL,2025-06-10,144.38,146.6,144.14,146.42,12958004
ORCL,2025-06-11,146.42,151.96,145.89,151.91,9371745
ORCL,2025-06-12,151.91,154.78,151.02,154.29,8103061
ORCL,2025-06-13,154.29,155.75,153.72,155.36,9136426
ORCL,2025-06-16,155.36,158.59,154.86,157.14,9106249
ORCL,2025-06-17,157.14,157.5,152.47,153.01,11210621
ORCL,2025-06-18,153.01,153.57,149.8,150.47,10390042
ORCL,2025-06-19,150.47,153.5,149.62,153.21,11207393
ORCL,2025-06-20,153.21,157.13,152.22,156.23,8311758
ORCL,2025-06-23,156.23,158.54,155.9,158.14,14392253
ORCL,2025-06-24,158.14,159.06,157.68,157.96,10475600
ORCL,2025-06-25,157.96,161.55,157.92,161.3,3104008
ORCL,2025-06-26,161.3,162.03,161.0,161.57,11953718
ORCL,2025-06-27,161.57,162.02,158.75,158.83,12935731
ORCL,2025-06-30,158.83,159.52,157.63,159.39,8595904
ORCL,2025-07-01,159.39,162.05,158.75,160.92,7827190
ORCL,2025-07-02,160.92,160.93,157.23,157.98,9918697
ORCL,2025-07-03,157.98,158.23,157.06,157.43,13983948
ORCL,2025-07-04,157.43,158.23,156.93,157.34,7733399
ORCL,2025-07-07,157.34,157.64,155.16,156.41,5049690
ORCL,2025-07-08,156.41,156.54,151.79,152.7,11349433
ORCL,2025-07-09,152.7,152.98,148.15,148.63,9559602
ORCL,2025-07-10,148.63,150.49,147.86,150.0,12134541
ORCL,2025-07-11,150.0,152.84,149.41,152.59,13880053
ORCL,2025-07-14,152.59,153.07,150.47,150.69,8948333
ORCL,2025-07-15,150.69,150.71,149.22,149.46,12036775
ORCL,2025-07-16,149.46,152.36,149.04,152.05,14331574
ORCL,2025-07-17,152.05,154.03,151.65,153.21,11797703
ORCL,2025-07-18,153.21,154.26,151.91,152.45,6868959
ORCL,2025-07-21,152.45,157.71,151.5,156.83,9423489
ORCL,2025-07-22,156.83,157.83,156.15,156.39,5947770
ORCL,2025-07-23,156.39,158.08,154.97,157.16,8828143
ORCL,2025-07-24,157.16,159.57,156.6,158.55,1640538
ORCL,2025-07-25,158.55,159.1,156.65,157.56,10503499
ORCL,2025-07-28,157.56,158.56,155.96,156.31,10117193
ORCL,2025-07-29,156.31,156.94,155.56,155.85,11169668
ORCL,2025-07-30,155.85,158.65,155.68,157.81,8190798
ORCL,2025-07-31,157.81,158.53,156.84,158.39,9892224
ORCL,2025-08-01,158.39,160.49,157.05,159.66,12501841
ORCL,2025-08-04,159.66,163.81,159.61,162.62,3225422
ORCL,2025-08-05,162.62,167.09,161.86,166.59,8584854
ORCL,2025-08-06,166.59,167.88,164.6,165.55,8521729
ORCL,2025-08-07,165.55,166.08,164.72,164.79,8520004
ORCL,2025-08-08,164.79,165.33,163.44,163.98,5324050
ORCL,2025-08-11,163.98,165.14,163.04,164.49,5931697
ORCL,2025-08-12,164.49,165.68,159.77,160.42,10758519
ORCL,2025-08-13,160.42,160.5,158.38,158.61,4772665
ORCL,2025-08-14,158.61,160.17,156.34,156.34,13991779
ORCL,2025-08-15,156.34,157.28,151.49,152.05,7198515
ORCL,2025-08-18,152.05,153.54,150.86,153.22,9757295
ORCL,2025-08-19,153.22,156.99,153.05,155.43,14561219
ORCL,2025-08-20,155.43,158.45,155.37,158.02,8905698
ORCL,2025-08-21,158.02,158.69,157.24,157.46,5746982
ORCL,2025-08-22,157.46,158.47,156.2,156.49,4756844
ORCL,2025-08-25,156.49,159.01,155.3,158.69,9864732
ORCL,2025-08-26,158.69,158.75,157.49,158.24,9386348
ORCL,2025-08-27,158.24,161.56,157.54,161.0,11000146
ORCL,2025-08-28,161.0,165.91,159.85,164.96,10915132
ORCL,2025-08-29,164.96,165.37,163.85,163.87,10256014
ORCL,2025-09-01,163.87,164.69,163.25,164.19,9349179
ORCL,2025-09-02,164.19,164.31,160.75,161.26,5815623
ORCL,2025-09-03,161.26,162.13,160.45,160.74,11232322
ORCL,2025-09-04,160.74,162.98,158.53,162.17,12041479
ORCL,2025-09-05,162.17,162.38,157.41,158.43,13125602
ORCL,2025-09-08,158.43,160.75,157.72,160.31,4404643
ORCL,2025-09-09,160.31,160.72,157.85,158.91,10985129
ORCL,2025-09-10,158.91,159.23,156.34,157.05,13284704
ORCL,2025-09-11,157.05,158.3,155.93,157.72,13297228
ORCL,2025-09-12,157.72,159.29,157.61,158.42,15403830
ORCL,2025-09-15,158.42,158.7,154.68,155.08,18992835
ORCL,2025-09-16,155.08,155.23,154.45,154.68,8463338
ORCL,2025-09-17,154.68,156.02,150.32,150.34,7426625
ORCL,2025-09-18,150.34,152.3,150.08,151.76,11643388
ORCL,2025-09-19,151.76,157.51,150.19,157.39,12696180
ORCL,2025-09-22,157.39,159.87,156.83,158.43,7644283
ORCL,2025-09-23,158.43,159.82,158.38,158.93,8798753
ORCL,2025-09-24,158.93,160.07,157.73,159.96,12437412
ORCL,2025-09-25,159.96,160.24,158.65,159.7,8682605
ORCL,2025-09-26,159.7,163.18,159.22,162.94,5664012
ORCL,2025-09-29,162.94,167.12,162.73,166.17,12763586
ORCL,2025-09-30,166.17,169.31,166.15,167.65,16048175
ORCL,2025-10-01,167.65,170.82,164.83,170.74,7055639
ORCL,2025-10-02,170.74,175.62,170.64,174.69,9533704
ORCL,2025-10-03,174.69,177.45,174.6,176.5,8910273
ORCL,2025-10-06,176.5,176.91,173.19,174.49,10675119
ORCL,2025-10-07,174.49,178.16,173.44,177.6,7794788
ORCL,2025-10-08,177.6,177.64,177.05,177.26,9155897
ORCL,2025-10-09,177.26,178.04,172.73,173.12,11609336
ORCL,2025-10-10,173.12,177.31,172.89,177.0,10875925
ORCL,2025-10-13,177.0,178.04,172.56,173.76,6560337
ORCL,2025-10-14,173.76,177.03,173.3,176.36,13262356
ORCL,2025-10-15,176.36,179.48,175.72,178.91,10853231
ORCL,2025-10-16,178.91,183.33,178.26,183.03,7773608
ORCL,2025-10-17,183.03,183.25,178.78,179.91,14889442
ORCL,2025-10-20,179.91,180.77,177.15,178.4,9156529
ORCL,2025-10-21,178.4,178.79,170.48,172.46,7692480
ORCL,2025-10-22,172.46,173.78,172.24,173.65,8765056
ORCL,2025-10-23,173.65,176.19,171.78,171.93,13238950
ORCL,2025-10-24,171.93,172.85,167.13,167.56,6436788
ORCL,2025-10-27,167.56,169.93,167.03,169.67,12185753
ORCL,2025-10-28,169.67,170.1,164.84,166.06,7779491
ORCL,2025-10-29,166.06,166.83,158.88,159.4,8187137
ORCL,2025-10-30,159.4,161.07,158.87,161.01,6163555
ORCL,2025-10-31,161.01,161.44,160.38,160.81,13007919
ORCL,2025-11-03,160.81,161.42,157.2,157.65,13300710
ORCL,2025-11-04,157.65,158.59,154.74,155.3,15033234
ORCL,2025-11-05,155.3,155.88,154.36,154.44,4897472
ORCL,2025-11-06,154.44,157.97,153.55,157.12,12054719
ORCL,2025-11-07,157.12,158.97,156.51,158.95,14208686
ORCL,2025-11-10,158.95,162.21,157.13,161.66,10259097
ORCL,2025-11-11,161.66,162.1,161.64,162.07,8715257
ORCL,2025-11-12,162.07,162.86,160.33,160.8,14690079
ORCL,2025-11-13,160.8,161.57,160.2,160.65,10675674
ORCL,2025-11-14,160.65,161.06,158.57,158.99,8197348
ORCL,2025-11-17,158.99,159.53,158.42,159.09,12779089
ORCL,2025-11-18,159.09,160.16,158.73,159.31,7732986
ORCL,2025-11-19,159.31,159.76,158.58,159.0,10234439
ORCL,2025-11-20,159.0,159.24,155.91,156.05,9249501
ORCL,2025-11-21,156.05,156.46,152.54,153.36,8499640
ORCL,2025-11-24,153.36,153.62,151.61,152.77,7412887
ORCL,2025-11-25,152.77,154.9,152.56,153.5,8419129
ORCL,2025-11-26,153.5,154.01,150.81,151.62,13510285
ORCL,2025-11-27,151.62,152.29,149.52,149.55,10017647
ORCL,2025-11-28,149.55,150.38,149.35,150.28,11317052
ORCL,2025-12-01,150.28,150.7,149.56,149.65,12174305
ORCL,2025-12-02,149.65,152.51,148.95,151.81,9035797
ORCL,2025-12-03,151.81,153.89,150.58,153.32,2508157
ORCL,2025-12-04,153.32,157.6,152.48,156.78,8557166
ORCL,2025-12-05,156.78,157.79,156.7,156.97,7344458
ORCL,2025-12-08,156.97,157.04,154.73,156.86,12510712
ORCL,2025-12-09,156.86,158.5,156.5,157.81,13210337
ORCL,2025-12-10,157.81,162.21,156.72,160.8,13343259
ORCL,2025-12-11,160.8,164.63,160.42,164.46,9822874
ORCL,2025-12-12,164.46,165.84,160.93,161.91,11134751
ORCL,2025-12-15,161.91,162.02,158.31,159.01,11702744
ORCL,2025-12-16,159.01,162.35,158.41,161.7,8608307
ORCL,2025-12-17,161.7,164.18,161.58,163.93,9876300
ORCL,2025-12-18,163.93,165.06,163.51,164.7,13840237
ORCL,2025-12-19,164.7,166.94,163.06,166.25,9575190
ORCL,2025-12-22,166.25,166.66,165.34,165.55,8889780
ORCL,2025-12-23,165.55,167.1,165.08,165.45,7697864
ORCL,2025-12-24,165.45,170.54,164.6,170.53,9447931
ORCL,2025-12-25,170.53,176.65,170.04,174.68,2678006
ORCL,2025-12-26,174.68,175.07,171.04,171.31,14057496
ORCL,2025-12-29,171.31,172.58,169.38,170.64,6322314
ORCL,2025-12-30,170.64,171.73,170.25,171.54,15028357
ORCL,2025-12-31,171.54,174.01,170.8,173.28,10793494
ORCL,2026-01-01,173.28,178.99,172.79,178.9,9259908
ORCL,2026-01-02,178.9,182.74,178.02,181.4,7860423
ORCL,2026-01-05,181.4,182.13,173.03,174.1,14339116
ORCL,2026-01-06,174.1,175.22,172.57,173.27,9393821
ORCL,2026-01-07,173.27,176.85,173.1,176.13,10648074
ORCL,2026-01-08,176.13,177.5,176.08,177.03,4743328
ORCL,2026-01-09,177.03,177.71,175.83,176.55,9490355
ORCL,2026-01-12,176.55,180.91,175.94,180.33,4960276
ORCL,2026-01-13,180.33,183.08,179.93,182.58,12177818
ORCL,2026-01-14,182.58,185.81,182.36,184.23,15342835
ORCL,2026-01-15,184.23,185.74,181.49,182.75,4893313
ORCL,2026-01-16,182.75,186.5,181.01,185.17,10202090
ORCL,2026-01-19,185.17,191.47,184.97,190.03,16479956
ORCL,2026-01-20,190.03,193.47,189.94,192.45,9576878
ORCL,2026-01-21,192.45,192.49,183.26,183.95,8825943
ORCL,2026-01-22,183.95,185.75,181.0,182.0,15656981
ORCL,2026-01-23,182.0,183.64,179.56,181.56,7732706
ORCL,2026-01-26,181.56,182.25,180.06,181.13,11351685
ORCL,2026-01-27,181.13,182.47,179.69,180.8,10564734
